CREATE TABLE "excelimporter$column" (
	"id" BIGINT NOT NULL,
	"colnumber" INT NULL,
	"text" VARCHAR_IGNORECASE(2147483647) NULL,
	"mappingtype" VARCHAR_IGNORECASE(9) NULL,
	"iskey" VARCHAR_IGNORECASE(3) NULL,
	"isreferencekey" VARCHAR_IGNORECASE(26) NULL,
	"status" VARCHAR_IGNORECASE(7) NULL,
	"details" VARCHAR_IGNORECASE(1000) NULL,
	"casesensitive" VARCHAR_IGNORECASE(3) NULL,
	"findattribute" VARCHAR_IGNORECASE(200) NULL,
	"findreference" VARCHAR_IGNORECASE(200) NULL,
	"findobjecttype" VARCHAR_IGNORECASE(200) NULL,
	"findmicroflow" VARCHAR_IGNORECASE(200) NULL,
	"datasource" VARCHAR_IGNORECASE(23) NULL,
	"attributetypeenum" VARCHAR_IGNORECASE(11) NULL,
	"inputmask" VARCHAR_IGNORECASE(20) NULL,
	"createddate" TIMESTAMP NULL,
	"changeddate" TIMESTAMP NULL,
	"system$changedby" BIGINT NULL,
	"system$owner" BIGINT NULL,
	PRIMARY KEY("id"));
CREATE INDEX "idx_excelimporter$column_system$changedby" ON "excelimporter$column" ("system$changedby" ASC,"id" ASC);
CREATE INDEX "idx_excelimporter$column_system$owner" ON "excelimporter$column" ("system$owner" ASC,"id" ASC);
INSERT INTO "mendixsystem$entity" ("id", 
"entity_name", 
"table_name", 
"remote", 
"remote_primary_key")
 VALUES ('f139225f-aac6-4f95-a81c-d1efe3250084', 
'ExcelImporter.Column', 
'excelimporter$column', 
false, 
false);
INSERT INTO "mendixsystem$attribute" ("id", 
"entity_id", 
"attribute_name", 
"column_name", 
"type", 
"length", 
"default_value", 
"is_auto_number")
 VALUES ('1c744bad-6e3f-4cf4-8894-7b9abb471506', 
'f139225f-aac6-4f95-a81c-d1efe3250084', 
'ColNumber', 
'colnumber', 
3, 
0, 
'', 
false);
INSERT INTO "mendixsystem$attribute" ("id", 
"entity_id", 
"attribute_name", 
"column_name", 
"type", 
"length", 
"default_value", 
"is_auto_number")
 VALUES ('d0f81774-079a-45ae-83bc-abb06846c5a8', 
'f139225f-aac6-4f95-a81c-d1efe3250084', 
'Text', 
'text', 
30, 
0, 
'', 
false);
INSERT INTO "mendixsystem$attribute" ("id", 
"entity_id", 
"attribute_name", 
"column_name", 
"type", 
"length", 
"default_value", 
"is_auto_number")
 VALUES ('cc3791ee-2767-49dc-aa3b-1db626157e6d', 
'f139225f-aac6-4f95-a81c-d1efe3250084', 
'MappingType', 
'mappingtype', 
40, 
9, 
'DoNotUse', 
false);
INSERT INTO "mendixsystem$attribute" ("id", 
"entity_id", 
"attribute_name", 
"column_name", 
"type", 
"length", 
"default_value", 
"is_auto_number")
 VALUES ('35c66b2d-21e1-4286-8cda-6c5ac131c82a', 
'f139225f-aac6-4f95-a81c-d1efe3250084', 
'IsKey', 
'iskey', 
40, 
3, 
'No', 
false);
INSERT INTO "mendixsystem$attribute" ("id", 
"entity_id", 
"attribute_name", 
"column_name", 
"type", 
"length", 
"default_value", 
"is_auto_number")
 VALUES ('d2793bde-392d-46f2-b6dc-4493716b84b8', 
'f139225f-aac6-4f95-a81c-d1efe3250084', 
'IsReferenceKey', 
'isreferencekey', 
40, 
26, 
'NoKey', 
false);
INSERT INTO "mendixsystem$attribute" ("id", 
"entity_id", 
"attribute_name", 
"column_name", 
"type", 
"length", 
"default_value", 
"is_auto_number")
 VALUES ('70c76898-06d6-4f85-87f2-f7c52599315f', 
'f139225f-aac6-4f95-a81c-d1efe3250084', 
'Status', 
'status', 
40, 
7, 
'INFO', 
false);
INSERT INTO "mendixsystem$attribute" ("id", 
"entity_id", 
"attribute_name", 
"column_name", 
"type", 
"length", 
"default_value", 
"is_auto_number")
 VALUES ('a3105910-17df-4881-b53c-db6bc17ea95b', 
'f139225f-aac6-4f95-a81c-d1efe3250084', 
'Details', 
'details', 
30, 
1000, 
'', 
false);
INSERT INTO "mendixsystem$attribute" ("id", 
"entity_id", 
"attribute_name", 
"column_name", 
"type", 
"length", 
"default_value", 
"is_auto_number")
 VALUES ('1b734226-3f9d-415e-a22e-505d2a3b34d9', 
'f139225f-aac6-4f95-a81c-d1efe3250084', 
'CaseSensitive', 
'casesensitive', 
40, 
3, 
'No', 
false);
INSERT INTO "mendixsystem$attribute" ("id", 
"entity_id", 
"attribute_name", 
"column_name", 
"type", 
"length", 
"default_value", 
"is_auto_number")
 VALUES ('f202c6e8-c86b-4bbd-911c-4722c7f47d87', 
'f139225f-aac6-4f95-a81c-d1efe3250084', 
'FindAttribute', 
'findattribute', 
30, 
200, 
'', 
false);
INSERT INTO "mendixsystem$attribute" ("id", 
"entity_id", 
"attribute_name", 
"column_name", 
"type", 
"length", 
"default_value", 
"is_auto_number")
 VALUES ('1843b7d5-0188-43ab-b841-66cf7319ef61', 
'f139225f-aac6-4f95-a81c-d1efe3250084', 
'FindReference', 
'findreference', 
30, 
200, 
'', 
false);
INSERT INTO "mendixsystem$attribute" ("id", 
"entity_id", 
"attribute_name", 
"column_name", 
"type", 
"length", 
"default_value", 
"is_auto_number")
 VALUES ('369787d8-7906-4c79-945c-7d8af6256c9b', 
'f139225f-aac6-4f95-a81c-d1efe3250084', 
'FindObjectType', 
'findobjecttype', 
30, 
200, 
'', 
false);
INSERT INTO "mendixsystem$attribute" ("id", 
"entity_id", 
"attribute_name", 
"column_name", 
"type", 
"length", 
"default_value", 
"is_auto_number")
 VALUES ('ba39de27-1309-4532-a4f8-7d46a4f1816c', 
'f139225f-aac6-4f95-a81c-d1efe3250084', 
'FindMicroflow', 
'findmicroflow', 
30, 
200, 
'', 
false);
INSERT INTO "mendixsystem$attribute" ("id", 
"entity_id", 
"attribute_name", 
"column_name", 
"type", 
"length", 
"default_value", 
"is_auto_number")
 VALUES ('965f7ec6-2dc4-4a31-8385-7471cf33a4cf', 
'f139225f-aac6-4f95-a81c-d1efe3250084', 
'DataSource', 
'datasource', 
40, 
23, 
'CellValue', 
false);
INSERT INTO "mendixsystem$attribute" ("id", 
"entity_id", 
"attribute_name", 
"column_name", 
"type", 
"length", 
"default_value", 
"is_auto_number")
 VALUES ('4b2c6228-3782-49cd-8fd1-75e728575518', 
'f139225f-aac6-4f95-a81c-d1efe3250084', 
'AttributeTypeEnum', 
'attributetypeenum', 
40, 
11, 
'', 
false);
INSERT INTO "mendixsystem$attribute" ("id", 
"entity_id", 
"attribute_name", 
"column_name", 
"type", 
"length", 
"default_value", 
"is_auto_number")
 VALUES ('118a849c-cd84-4d61-900d-c0220d7099bb', 
'f139225f-aac6-4f95-a81c-d1efe3250084', 
'InputMask', 
'inputmask', 
30, 
20, 
'', 
false);
INSERT INTO "mendixsystem$attribute" ("id", 
"entity_id", 
"attribute_name", 
"column_name", 
"type", 
"length", 
"default_value", 
"is_auto_number")
 VALUES ('8d43356f-d212-3919-b9a5-1f444b9188ba', 
'f139225f-aac6-4f95-a81c-d1efe3250084', 
'createdDate', 
'createddate', 
20, 
0, 
'', 
false);
INSERT INTO "mendixsystem$attribute" ("id", 
"entity_id", 
"attribute_name", 
"column_name", 
"type", 
"length", 
"default_value", 
"is_auto_number")
 VALUES ('85f30d74-e50b-36fa-845c-4979f418a06d', 
'f139225f-aac6-4f95-a81c-d1efe3250084', 
'changedDate', 
'changeddate', 
20, 
0, 
'', 
false);
INSERT INTO "mendixsystem$index" ("id", 
"table_id", 
"index_name")
 VALUES ('b825e263-2440-3e0e-ad25-fde4aefabb7e', 
'f139225f-aac6-4f95-a81c-d1efe3250084', 
'idx_excelimporter$column_system$changedby');
INSERT INTO "mendixsystem$index_column" ("index_id", 
"column_id", 
"sort_order", 
"ordinal")
 VALUES ('b825e263-2440-3e0e-ad25-fde4aefabb7e', 
'f0409b2e-fc0d-3ef4-99f3-920a389fcbda', 
false, 
0);
INSERT INTO "mendixsystem$index" ("id", 
"table_id", 
"index_name")
 VALUES ('2964f2de-4d16-377b-aeb3-0fc9f7357313', 
'f139225f-aac6-4f95-a81c-d1efe3250084', 
'idx_excelimporter$column_system$owner');
INSERT INTO "mendixsystem$index_column" ("index_id", 
"column_id", 
"sort_order", 
"ordinal")
 VALUES ('2964f2de-4d16-377b-aeb3-0fc9f7357313', 
'6c0f117e-d2b5-3d88-bdcb-fb7b39a7b4b5', 
false, 
0);
INSERT INTO "mendixsystem$association" ("id", 
"association_name", 
"table_name", 
"parent_entity_id", 
"child_entity_id", 
"parent_column_name", 
"child_column_name")
 VALUES ('f0409b2e-fc0d-3ef4-99f3-920a389fcbda', 
'System.changedBy', 
'system$changedby', 
'f139225f-aac6-4f95-a81c-d1efe3250084', 
'282e2e60-88a5-469d-84a5-ba8d9151644f', 
'id', 
'system$changedby');
INSERT INTO "mendixsystem$association" ("id", 
"association_name", 
"table_name", 
"parent_entity_id", 
"child_entity_id", 
"parent_column_name", 
"child_column_name")
 VALUES ('6c0f117e-d2b5-3d88-bdcb-fb7b39a7b4b5', 
'System.owner', 
'system$owner', 
'f139225f-aac6-4f95-a81c-d1efe3250084', 
'282e2e60-88a5-469d-84a5-ba8d9151644f', 
'id', 
'system$owner');
CREATE TABLE "excelimporter$column_mastercolumn" (
	"excelimporter$columnid1" BIGINT NOT NULL,
	"excelimporter$columnid2" BIGINT NOT NULL,
	PRIMARY KEY("excelimporter$columnid1","excelimporter$columnid2"),
	CONSTRAINT "uniq_excelimporter$column_mastercolumn_excelimporter$columnid1" UNIQUE ("excelimporter$columnid1"));
CREATE INDEX "idx_excelimporter$column_mastercolumn_excelimporter$column_excelimporter$column" ON "excelimporter$column_mastercolumn" ("excelimporter$columnid2" ASC,"excelimporter$columnid1" ASC);
INSERT INTO "mendixsystem$association" ("id", 
"association_name", 
"table_name", 
"parent_entity_id", 
"child_entity_id", 
"parent_column_name", 
"child_column_name", 
"index_name")
 VALUES ('70421b75-03e2-4ee4-9af5-ec766310406a', 
'ExcelImporter.Column_MasterColumn', 
'excelimporter$column_mastercolumn', 
'f139225f-aac6-4f95-a81c-d1efe3250084', 
'f139225f-aac6-4f95-a81c-d1efe3250084', 
'excelimporter$columnid1', 
'excelimporter$columnid2', 
'idx_excelimporter$column_mastercolumn_excelimporter$column_excelimporter$column');
INSERT INTO "mendixsystem$unique_constraint" ("name", 
"table_id", 
"column_id")
 VALUES ('uniq_excelimporter$column_mastercolumn_excelimporter$columnid1', 
'70421b75-03e2-4ee4-9af5-ec766310406a', 
'cb9d6326-93b8-3ef8-a48b-3821ea81afe8');
CREATE TABLE "excelimporter$column_template" (
	"excelimporter$columnid" BIGINT NOT NULL,
	"excelimporter$templateid" BIGINT NOT NULL,
	PRIMARY KEY("excelimporter$columnid","excelimporter$templateid"),
	CONSTRAINT "uniq_excelimporter$column_template_excelimporter$columnid" UNIQUE ("excelimporter$columnid"));
CREATE INDEX "idx_excelimporter$column_template_excelimporter$template_excelimporter$column" ON "excelimporter$column_template" ("excelimporter$templateid" ASC,"excelimporter$columnid" ASC);
INSERT INTO "mendixsystem$association" ("id", 
"association_name", 
"table_name", 
"parent_entity_id", 
"child_entity_id", 
"parent_column_name", 
"child_column_name", 
"index_name")
 VALUES ('d39eb67c-b300-4982-9bd7-0e2795045fab', 
'ExcelImporter.Column_Template', 
'excelimporter$column_template', 
'f139225f-aac6-4f95-a81c-d1efe3250084', 
'8cf70e49-9e5a-44d0-ae51-ac431484ea40', 
'excelimporter$columnid', 
'excelimporter$templateid', 
'idx_excelimporter$column_template_excelimporter$template_excelimporter$column');
INSERT INTO "mendixsystem$unique_constraint" ("name", 
"table_id", 
"column_id")
 VALUES ('uniq_excelimporter$column_template_excelimporter$columnid', 
'd39eb67c-b300-4982-9bd7-0e2795045fab', 
'70ce9f42-13a0-386c-925b-1a7391c3fcd5');
CREATE TABLE "excelimporter$column_microflows" (
	"excelimporter$columnid" BIGINT NOT NULL,
	"mxmodelreflection$microflowsid" BIGINT NOT NULL,
	PRIMARY KEY("excelimporter$columnid","mxmodelreflection$microflowsid"),
	CONSTRAINT "uniq_excelimporter$column_microflows_excelimporter$columnid" UNIQUE ("excelimporter$columnid"));
CREATE INDEX "idx_excelimporter$column_microflows_mxmodelreflection$microflows_excelimporter$column" ON "excelimporter$column_microflows" ("mxmodelreflection$microflowsid" ASC,"excelimporter$columnid" ASC);
INSERT INTO "mendixsystem$association" ("id", 
"association_name", 
"table_name", 
"parent_entity_id", 
"child_entity_id", 
"parent_column_name", 
"child_column_name", 
"index_name")
 VALUES ('e1e600a2-a467-47be-aeb8-584e2193c70c', 
'ExcelImporter.Column_Microflows', 
'excelimporter$column_microflows', 
'f139225f-aac6-4f95-a81c-d1efe3250084', 
'bcf8cd80-a82c-4865-b2af-096494ffc48b', 
'excelimporter$columnid', 
'mxmodelreflection$microflowsid', 
'idx_excelimporter$column_microflows_mxmodelreflection$microflows_excelimporter$column');
INSERT INTO "mendixsystem$unique_constraint" ("name", 
"table_id", 
"column_id")
 VALUES ('uniq_excelimporter$column_microflows_excelimporter$columnid', 
'e1e600a2-a467-47be-aeb8-584e2193c70c', 
'cccbffc5-2584-3607-871c-0f222e531417');
CREATE TABLE "excelimporter$column_valuetype" (
	"excelimporter$columnid" BIGINT NOT NULL,
	"mxmodelreflection$valuetypeid" BIGINT NOT NULL,
	PRIMARY KEY("excelimporter$columnid","mxmodelreflection$valuetypeid"),
	CONSTRAINT "uniq_excelimporter$column_valuetype_excelimporter$columnid" UNIQUE ("excelimporter$columnid"));
CREATE INDEX "idx_excelimporter$column_valuetype_mxmodelreflection$valuetype_excelimporter$column" ON "excelimporter$column_valuetype" ("mxmodelreflection$valuetypeid" ASC,"excelimporter$columnid" ASC);
INSERT INTO "mendixsystem$association" ("id", 
"association_name", 
"table_name", 
"parent_entity_id", 
"child_entity_id", 
"parent_column_name", 
"child_column_name", 
"index_name")
 VALUES ('05e32c73-ba3d-42b8-9ac0-8bb5e1e13568', 
'ExcelImporter.Column_ValueType', 
'excelimporter$column_valuetype', 
'f139225f-aac6-4f95-a81c-d1efe3250084', 
'8b506761-81c2-4993-b4b8-55aca4356556', 
'excelimporter$columnid', 
'mxmodelreflection$valuetypeid', 
'idx_excelimporter$column_valuetype_mxmodelreflection$valuetype_excelimporter$column');
INSERT INTO "mendixsystem$unique_constraint" ("name", 
"table_id", 
"column_id")
 VALUES ('uniq_excelimporter$column_valuetype_excelimporter$columnid', 
'05e32c73-ba3d-42b8-9ac0-8bb5e1e13568', 
'3fd7482c-7070-3768-ae17-0af2724eff4b');
CREATE TABLE "excelimporter$column_mxobjecttype_reference" (
	"excelimporter$columnid" BIGINT NOT NULL,
	"mxmodelreflection$mxobjecttypeid" BIGINT NOT NULL,
	PRIMARY KEY("excelimporter$columnid","mxmodelreflection$mxobjecttypeid"),
	CONSTRAINT "uniq_excelimporter$column_mxobjecttype_reference_excelimporter$columnid" UNIQUE ("excelimporter$columnid"));
CREATE INDEX "idx_excelimporter$column_mxobjecttype_reference_mxmodelreflection$mxobjecttype_excelimporter$column" ON "excelimporter$column_mxobjecttype_reference" ("mxmodelreflection$mxobjecttypeid" ASC,"excelimporter$columnid" ASC);
INSERT INTO "mendixsystem$association" ("id", 
"association_name", 
"table_name", 
"parent_entity_id", 
"child_entity_id", 
"parent_column_name", 
"child_column_name", 
"index_name")
 VALUES ('ad098fc9-dfc9-47e9-88c7-9fcc5182a8c1', 
'ExcelImporter.Column_MxObjectType_Reference', 
'excelimporter$column_mxobjecttype_reference', 
'f139225f-aac6-4f95-a81c-d1efe3250084', 
'2750feee-09aa-4b3a-abdc-807f553d0c73', 
'excelimporter$columnid', 
'mxmodelreflection$mxobjecttypeid', 
'idx_excelimporter$column_mxobjecttype_reference_mxmodelreflection$mxobjecttype_excelimporter$column');
INSERT INTO "mendixsystem$unique_constraint" ("name", 
"table_id", 
"column_id")
 VALUES ('uniq_excelimporter$column_mxobjecttype_reference_excelimporter$columnid', 
'ad098fc9-dfc9-47e9-88c7-9fcc5182a8c1', 
'67190eca-10bd-345b-9aaf-b504f81a7208');
CREATE TABLE "excelimporter$column_mxobjecttype" (
	"excelimporter$columnid" BIGINT NOT NULL,
	"mxmodelreflection$mxobjecttypeid" BIGINT NOT NULL,
	PRIMARY KEY("excelimporter$columnid","mxmodelreflection$mxobjecttypeid"),
	CONSTRAINT "uniq_excelimporter$column_mxobjecttype_excelimporter$columnid" UNIQUE ("excelimporter$columnid"));
CREATE INDEX "idx_excelimporter$column_mxobjecttype_mxmodelreflection$mxobjecttype_excelimporter$column" ON "excelimporter$column_mxobjecttype" ("mxmodelreflection$mxobjecttypeid" ASC,"excelimporter$columnid" ASC);
INSERT INTO "mendixsystem$association" ("id", 
"association_name", 
"table_name", 
"parent_entity_id", 
"child_entity_id", 
"parent_column_name", 
"child_column_name", 
"index_name")
 VALUES ('9454dbfb-52c1-4f1d-a51c-77fa23a278fb', 
'ExcelImporter.Column_MxObjectType', 
'excelimporter$column_mxobjecttype', 
'f139225f-aac6-4f95-a81c-d1efe3250084', 
'2750feee-09aa-4b3a-abdc-807f553d0c73', 
'excelimporter$columnid', 
'mxmodelreflection$mxobjecttypeid', 
'idx_excelimporter$column_mxobjecttype_mxmodelreflection$mxobjecttype_excelimporter$column');
INSERT INTO "mendixsystem$unique_constraint" ("name", 
"table_id", 
"column_id")
 VALUES ('uniq_excelimporter$column_mxobjecttype_excelimporter$columnid', 
'9454dbfb-52c1-4f1d-a51c-77fa23a278fb', 
'cbfd01d4-4a46-3390-8f2d-495280722d2a');
CREATE TABLE "excelimporter$column_mxobjectmember_reference" (
	"excelimporter$columnid" BIGINT NOT NULL,
	"mxmodelreflection$mxobjectmemberid" BIGINT NOT NULL,
	PRIMARY KEY("excelimporter$columnid","mxmodelreflection$mxobjectmemberid"),
	CONSTRAINT "uniq_excelimporter$column_mxobjectmember_reference_excelimporter$columnid" UNIQUE ("excelimporter$columnid"));
CREATE INDEX "idx_excelimporter$column_mxobjectmember_reference_mxmodelreflection$mxobjectmember_excelimporter$column" ON "excelimporter$column_mxobjectmember_reference" ("mxmodelreflection$mxobjectmemberid" ASC,"excelimporter$columnid" ASC);
INSERT INTO "mendixsystem$association" ("id", 
"association_name", 
"table_name", 
"parent_entity_id", 
"child_entity_id", 
"parent_column_name", 
"child_column_name", 
"index_name")
 VALUES ('5935f564-8968-4422-abe6-6c5dc46d2413', 
'ExcelImporter.Column_MxObjectMember_Reference', 
'excelimporter$column_mxobjectmember_reference', 
'f139225f-aac6-4f95-a81c-d1efe3250084', 
'69a067b5-3545-4ce0-a470-5c30d9a4e458', 
'excelimporter$columnid', 
'mxmodelreflection$mxobjectmemberid', 
'idx_excelimporter$column_mxobjectmember_reference_mxmodelreflection$mxobjectmember_excelimporter$column');
INSERT INTO "mendixsystem$unique_constraint" ("name", 
"table_id", 
"column_id")
 VALUES ('uniq_excelimporter$column_mxobjectmember_reference_excelimporter$columnid', 
'5935f564-8968-4422-abe6-6c5dc46d2413', 
'3bda6877-f885-32fb-8498-ce62baf326d2');
CREATE TABLE "excelimporter$column_mxobjectmember" (
	"excelimporter$columnid" BIGINT NOT NULL,
	"mxmodelreflection$mxobjectmemberid" BIGINT NOT NULL,
	PRIMARY KEY("excelimporter$columnid","mxmodelreflection$mxobjectmemberid"),
	CONSTRAINT "uniq_excelimporter$column_mxobjectmember_excelimporter$columnid" UNIQUE ("excelimporter$columnid"));
CREATE INDEX "idx_excelimporter$column_mxobjectmember_mxmodelreflection$mxobjectmember_excelimporter$column" ON "excelimporter$column_mxobjectmember" ("mxmodelreflection$mxobjectmemberid" ASC,"excelimporter$columnid" ASC);
INSERT INTO "mendixsystem$association" ("id", 
"association_name", 
"table_name", 
"parent_entity_id", 
"child_entity_id", 
"parent_column_name", 
"child_column_name", 
"index_name")
 VALUES ('e24d3fd1-cb9e-4e6e-9d5a-26c13b4bd316', 
'ExcelImporter.Column_MxObjectMember', 
'excelimporter$column_mxobjectmember', 
'f139225f-aac6-4f95-a81c-d1efe3250084', 
'69a067b5-3545-4ce0-a470-5c30d9a4e458', 
'excelimporter$columnid', 
'mxmodelreflection$mxobjectmemberid', 
'idx_excelimporter$column_mxobjectmember_mxmodelreflection$mxobjectmember_excelimporter$column');
INSERT INTO "mendixsystem$unique_constraint" ("name", 
"table_id", 
"column_id")
 VALUES ('uniq_excelimporter$column_mxobjectmember_excelimporter$columnid', 
'e24d3fd1-cb9e-4e6e-9d5a-26c13b4bd316', 
'99cf5a32-f1d7-39cc-9f80-e1012950a2d5');
CREATE TABLE "excelimporter$column_mxobjectreference" (
	"excelimporter$columnid" BIGINT NOT NULL,
	"mxmodelreflection$mxobjectreferenceid" BIGINT NOT NULL,
	PRIMARY KEY("excelimporter$columnid","mxmodelreflection$mxobjectreferenceid"),
	CONSTRAINT "uniq_excelimporter$column_mxobjectreference_excelimporter$columnid" UNIQUE ("excelimporter$columnid"));
CREATE INDEX "idx_excelimporter$column_mxobjectreference_mxmodelreflection$mxobjectreference_excelimporter$column" ON "excelimporter$column_mxobjectreference" ("mxmodelreflection$mxobjectreferenceid" ASC,"excelimporter$columnid" ASC);
INSERT INTO "mendixsystem$association" ("id", 
"association_name", 
"table_name", 
"parent_entity_id", 
"child_entity_id", 
"parent_column_name", 
"child_column_name", 
"index_name")
 VALUES ('4ef10fef-b858-400e-ae41-f9ed6c5fe343', 
'ExcelImporter.Column_MxObjectReference', 
'excelimporter$column_mxobjectreference', 
'f139225f-aac6-4f95-a81c-d1efe3250084', 
'eb17e8e5-32f7-4fb8-a8e0-b78bd0cb5fab', 
'excelimporter$columnid', 
'mxmodelreflection$mxobjectreferenceid', 
'idx_excelimporter$column_mxobjectreference_mxmodelreflection$mxobjectreference_excelimporter$column');
INSERT INTO "mendixsystem$unique_constraint" ("name", 
"table_id", 
"column_id")
 VALUES ('uniq_excelimporter$column_mxobjectreference_excelimporter$columnid', 
'4ef10fef-b858-400e-ae41-f9ed6c5fe343', 
'5e1d4e31-e18a-3e99-bea2-6fe492fd72a0');
CREATE TABLE "xlsreport$mxxpath" (
	"id" BIGINT NOT NULL,
	"retrievetype" VARCHAR_IGNORECASE(9) NULL,
	"subvisible" BOOLEAN NULL,
	PRIMARY KEY("id"));
INSERT INTO "mendixsystem$entity" ("id", 
"entity_name", 
"table_name", 
"remote", 
"remote_primary_key")
 VALUES ('d6b0a731-d1b6-4815-af40-fa429667b1c6', 
'XLSReport.MxXPath', 
'xlsreport$mxxpath', 
false, 
false);
INSERT INTO "mendixsystem$attribute" ("id", 
"entity_id", 
"attribute_name", 
"column_name", 
"type", 
"length", 
"default_value", 
"is_auto_number")
 VALUES ('9d29c0c3-2fdc-4cc7-a1f3-ae2acbdc4aa3', 
'd6b0a731-d1b6-4815-af40-fa429667b1c6', 
'RetrieveType', 
'retrievetype', 
40, 
9, 
'', 
false);
INSERT INTO "mendixsystem$attribute" ("id", 
"entity_id", 
"attribute_name", 
"column_name", 
"type", 
"length", 
"default_value", 
"is_auto_number")
 VALUES ('64e42a55-6d34-4abe-a577-f0d908ca1ab9', 
'd6b0a731-d1b6-4815-af40-fa429667b1c6', 
'SubVisible', 
'subvisible', 
10, 
0, 
'false', 
false);
CREATE TABLE "xlsreport$mxxpath_parentmxxpath" (
	"xlsreport$mxxpathid1" BIGINT NOT NULL,
	"xlsreport$mxxpathid2" BIGINT NOT NULL,
	PRIMARY KEY("xlsreport$mxxpathid1","xlsreport$mxxpathid2"),
	CONSTRAINT "uniq_xlsreport$mxxpath_parentmxxpath_xlsreport$mxxpathid1" UNIQUE ("xlsreport$mxxpathid1"));
CREATE INDEX "idx_xlsreport$mxxpath_parentmxxpath_xlsreport$mxxpath_xlsreport$mxxpath" ON "xlsreport$mxxpath_parentmxxpath" ("xlsreport$mxxpathid2" ASC,"xlsreport$mxxpathid1" ASC);
INSERT INTO "mendixsystem$association" ("id", 
"association_name", 
"table_name", 
"parent_entity_id", 
"child_entity_id", 
"parent_column_name", 
"child_column_name", 
"index_name")
 VALUES ('da9544c9-1428-4013-9334-27d3d30c1af6', 
'XLSReport.MxXPath_ParentMxXPath', 
'xlsreport$mxxpath_parentmxxpath', 
'd6b0a731-d1b6-4815-af40-fa429667b1c6', 
'd6b0a731-d1b6-4815-af40-fa429667b1c6', 
'xlsreport$mxxpathid1', 
'xlsreport$mxxpathid2', 
'idx_xlsreport$mxxpath_parentmxxpath_xlsreport$mxxpath_xlsreport$mxxpath');
INSERT INTO "mendixsystem$unique_constraint" ("name", 
"table_id", 
"column_id")
 VALUES ('uniq_xlsreport$mxxpath_parentmxxpath_xlsreport$mxxpathid1', 
'da9544c9-1428-4013-9334-27d3d30c1af6', 
'ad7035b6-83ce-3ad8-a336-e00bdd9fe418');
CREATE TABLE "xlsreport$mxxpath_mxobjectmember" (
	"xlsreport$mxxpathid" BIGINT NOT NULL,
	"mxmodelreflection$mxobjectmemberid" BIGINT NOT NULL,
	PRIMARY KEY("xlsreport$mxxpathid","mxmodelreflection$mxobjectmemberid"),
	CONSTRAINT "uniq_xlsreport$mxxpath_mxobjectmember_xlsreport$mxxpathid" UNIQUE ("xlsreport$mxxpathid"));
CREATE INDEX "idx_xlsreport$mxxpath_mxobjectmember_mxmodelreflection$mxobjectmember_xlsreport$mxxpath" ON "xlsreport$mxxpath_mxobjectmember" ("mxmodelreflection$mxobjectmemberid" ASC,"xlsreport$mxxpathid" ASC);
INSERT INTO "mendixsystem$association" ("id", 
"association_name", 
"table_name", 
"parent_entity_id", 
"child_entity_id", 
"parent_column_name", 
"child_column_name", 
"index_name")
 VALUES ('f6d13d61-1a69-4421-b964-fb65fe6242f8', 
'XLSReport.MxXPath_MxObjectMember', 
'xlsreport$mxxpath_mxobjectmember', 
'd6b0a731-d1b6-4815-af40-fa429667b1c6', 
'69a067b5-3545-4ce0-a470-5c30d9a4e458', 
'xlsreport$mxxpathid', 
'mxmodelreflection$mxobjectmemberid', 
'idx_xlsreport$mxxpath_mxobjectmember_mxmodelreflection$mxobjectmember_xlsreport$mxxpath');
INSERT INTO "mendixsystem$unique_constraint" ("name", 
"table_id", 
"column_id")
 VALUES ('uniq_xlsreport$mxxpath_mxobjectmember_xlsreport$mxxpathid', 
'f6d13d61-1a69-4421-b964-fb65fe6242f8', 
'6dfdab15-d23a-3deb-8630-be85932bad84');
CREATE TABLE "xlsreport$mxxpath_mxobjectreference" (
	"xlsreport$mxxpathid" BIGINT NOT NULL,
	"mxmodelreflection$mxobjectreferenceid" BIGINT NOT NULL,
	PRIMARY KEY("xlsreport$mxxpathid","mxmodelreflection$mxobjectreferenceid"),
	CONSTRAINT "uniq_xlsreport$mxxpath_mxobjectreference_xlsreport$mxxpathid" UNIQUE ("xlsreport$mxxpathid"));
CREATE INDEX "idx_xlsreport$mxxpath_mxobjectreference_mxmodelreflection$mxobjectreference_xlsreport$mxxpath" ON "xlsreport$mxxpath_mxobjectreference" ("mxmodelreflection$mxobjectreferenceid" ASC,"xlsreport$mxxpathid" ASC);
INSERT INTO "mendixsystem$association" ("id", 
"association_name", 
"table_name", 
"parent_entity_id", 
"child_entity_id", 
"parent_column_name", 
"child_column_name", 
"index_name")
 VALUES ('62891c63-b2b0-4d23-aea9-ceb66d278edf', 
'XLSReport.MxXPath_MxObjectReference', 
'xlsreport$mxxpath_mxobjectreference', 
'd6b0a731-d1b6-4815-af40-fa429667b1c6', 
'eb17e8e5-32f7-4fb8-a8e0-b78bd0cb5fab', 
'xlsreport$mxxpathid', 
'mxmodelreflection$mxobjectreferenceid', 
'idx_xlsreport$mxxpath_mxobjectreference_mxmodelreflection$mxobjectreference_xlsreport$mxxpath');
INSERT INTO "mendixsystem$unique_constraint" ("name", 
"table_id", 
"column_id")
 VALUES ('uniq_xlsreport$mxxpath_mxobjectreference_xlsreport$mxxpathid', 
'62891c63-b2b0-4d23-aea9-ceb66d278edf', 
'6917d197-ad5e-31a7-9fd8-3608d55cab63');
CREATE TABLE "xlsreport$childmxxpath_mxxpath" (
	"xlsreport$mxxpathid1" BIGINT NOT NULL,
	"xlsreport$mxxpathid2" BIGINT NOT NULL,
	PRIMARY KEY("xlsreport$mxxpathid1","xlsreport$mxxpathid2"),
	CONSTRAINT "uniq_xlsreport$childmxxpath_mxxpath_xlsreport$mxxpathid1" UNIQUE ("xlsreport$mxxpathid1"));
CREATE INDEX "idx_xlsreport$childmxxpath_mxxpath_xlsreport$mxxpath_xlsreport$mxxpath" ON "xlsreport$childmxxpath_mxxpath" ("xlsreport$mxxpathid2" ASC,"xlsreport$mxxpathid1" ASC);
INSERT INTO "mendixsystem$association" ("id", 
"association_name", 
"table_name", 
"parent_entity_id", 
"child_entity_id", 
"parent_column_name", 
"child_column_name", 
"index_name")
 VALUES ('35cb5aa7-03a3-4cdb-9e70-62b8e1204112', 
'XLSReport.ChildMxXPath_MxXPath', 
'xlsreport$childmxxpath_mxxpath', 
'd6b0a731-d1b6-4815-af40-fa429667b1c6', 
'd6b0a731-d1b6-4815-af40-fa429667b1c6', 
'xlsreport$mxxpathid1', 
'xlsreport$mxxpathid2', 
'idx_xlsreport$childmxxpath_mxxpath_xlsreport$mxxpath_xlsreport$mxxpath');
INSERT INTO "mendixsystem$unique_constraint" ("name", 
"table_id", 
"column_id")
 VALUES ('uniq_xlsreport$childmxxpath_mxxpath_xlsreport$mxxpathid1', 
'35cb5aa7-03a3-4cdb-9e70-62b8e1204112', 
'fbfb4812-3ff5-3174-b59a-2e6d72dc39ba');
CREATE TABLE "xlsreport$mxxpath_mxdata" (
	"xlsreport$mxxpathid" BIGINT NOT NULL,
	"xlsreport$mxdataid" BIGINT NOT NULL,
	PRIMARY KEY("xlsreport$mxxpathid","xlsreport$mxdataid"),
	CONSTRAINT "uniq_xlsreport$mxxpath_mxdata_xlsreport$mxdataid" UNIQUE ("xlsreport$mxdataid"),
	CONSTRAINT "uniq_xlsreport$mxxpath_mxdata_xlsreport$mxxpathid" UNIQUE ("xlsreport$mxxpathid"));
CREATE INDEX "idx_xlsreport$mxxpath_mxdata_xlsreport$mxdata_xlsreport$mxxpath" ON "xlsreport$mxxpath_mxdata" ("xlsreport$mxdataid" ASC,"xlsreport$mxxpathid" ASC);
INSERT INTO "mendixsystem$association" ("id", 
"association_name", 
"table_name", 
"parent_entity_id", 
"child_entity_id", 
"parent_column_name", 
"child_column_name", 
"index_name")
 VALUES ('663685e6-8e23-459b-8b73-be745a6dec11', 
'XLSReport.MxXPath_MxData', 
'xlsreport$mxxpath_mxdata', 
'd6b0a731-d1b6-4815-af40-fa429667b1c6', 
'7926f523-9b23-489b-8215-b54dfc08ee95', 
'xlsreport$mxxpathid', 
'xlsreport$mxdataid', 
'idx_xlsreport$mxxpath_mxdata_xlsreport$mxdata_xlsreport$mxxpath');
INSERT INTO "mendixsystem$unique_constraint" ("name", 
"table_id", 
"column_id")
 VALUES ('uniq_xlsreport$mxxpath_mxdata_xlsreport$mxdataid', 
'663685e6-8e23-459b-8b73-be745a6dec11', 
'7e7319f4-cceb-3765-ad3b-7aef4118b061');
INSERT INTO "mendixsystem$unique_constraint" ("name", 
"table_id", 
"column_id")
 VALUES ('uniq_xlsreport$mxxpath_mxdata_xlsreport$mxxpathid', 
'663685e6-8e23-459b-8b73-be745a6dec11', 
'510bb79e-99e5-3258-af48-a08aded4b155');
CREATE TABLE "xlsreport$mxxpath_mxobjecttype" (
	"xlsreport$mxxpathid" BIGINT NOT NULL,
	"mxmodelreflection$mxobjecttypeid" BIGINT NOT NULL,
	PRIMARY KEY("xlsreport$mxxpathid","mxmodelreflection$mxobjecttypeid"),
	CONSTRAINT "uniq_xlsreport$mxxpath_mxobjecttype_xlsreport$mxxpathid" UNIQUE ("xlsreport$mxxpathid"));
CREATE INDEX "idx_xlsreport$mxxpath_mxobjecttype_mxmodelreflection$mxobjecttype_xlsreport$mxxpath" ON "xlsreport$mxxpath_mxobjecttype" ("mxmodelreflection$mxobjecttypeid" ASC,"xlsreport$mxxpathid" ASC);
INSERT INTO "mendixsystem$association" ("id", 
"association_name", 
"table_name", 
"parent_entity_id", 
"child_entity_id", 
"parent_column_name", 
"child_column_name", 
"index_name")
 VALUES ('73602e09-9777-48cc-a222-1766d777ba99', 
'XLSReport.MxXPath_MxObjectType', 
'xlsreport$mxxpath_mxobjecttype', 
'd6b0a731-d1b6-4815-af40-fa429667b1c6', 
'2750feee-09aa-4b3a-abdc-807f553d0c73', 
'xlsreport$mxxpathid', 
'mxmodelreflection$mxobjecttypeid', 
'idx_xlsreport$mxxpath_mxobjecttype_mxmodelreflection$mxobjecttype_xlsreport$mxxpath');
INSERT INTO "mendixsystem$unique_constraint" ("name", 
"table_id", 
"column_id")
 VALUES ('uniq_xlsreport$mxxpath_mxobjecttype_xlsreport$mxxpathid', 
'73602e09-9777-48cc-a222-1766d777ba99', 
'06be2234-3df7-3cd1-9d7c-b516161d843c');
CREATE TABLE "xlsreport$mxcolumn" (
	"id" BIGINT NOT NULL,
	"columnnumber" INT NULL,
	"objectattribute" VARCHAR_IGNORECASE(200) NULL,
	"dataaggregate" BOOLEAN NULL,
	"dataaggregatefunction" VARCHAR_IGNORECASE(7) NULL,
	"resultaggregate" BOOLEAN NULL,
	"resultaggregatefunction" VARCHAR_IGNORECASE(7) NULL,
	PRIMARY KEY("id"));
INSERT INTO "mendixsystem$entity" ("id", 
"entity_name", 
"table_name", 
"superentity_id", 
"remote", 
"remote_primary_key")
 VALUES ('b10ca036-b0d1-4659-84e1-ffe52f49b500', 
'XLSReport.MxColumn', 
'xlsreport$mxcolumn', 
'7926f523-9b23-489b-8215-b54dfc08ee95', 
false, 
false);
INSERT INTO "mendixsystem$attribute" ("id", 
"entity_id", 
"attribute_name", 
"column_name", 
"type", 
"length", 
"default_value", 
"is_auto_number")
 VALUES ('bde2d835-b1df-44f6-a043-b14b2d1284fb', 
'b10ca036-b0d1-4659-84e1-ffe52f49b500', 
'ColumnNumber', 
'columnnumber', 
3, 
0, 
'', 
false);
INSERT INTO "mendixsystem$attribute" ("id", 
"entity_id", 
"attribute_name", 
"column_name", 
"type", 
"length", 
"default_value", 
"is_auto_number")
 VALUES ('ba905229-75fb-4eab-bb94-508067cbb542', 
'b10ca036-b0d1-4659-84e1-ffe52f49b500', 
'ObjectAttribute', 
'objectattribute', 
30, 
200, 
'', 
false);
INSERT INTO "mendixsystem$attribute" ("id", 
"entity_id", 
"attribute_name", 
"column_name", 
"type", 
"length", 
"default_value", 
"is_auto_number")
 VALUES ('3cb44a9e-8aa1-41ab-8fe9-3f7b0aa15978', 
'b10ca036-b0d1-4659-84e1-ffe52f49b500', 
'DataAggregate', 
'dataaggregate', 
10, 
0, 
'false', 
false);
INSERT INTO "mendixsystem$attribute" ("id", 
"entity_id", 
"attribute_name", 
"column_name", 
"type", 
"length", 
"default_value", 
"is_auto_number")
 VALUES ('ae3b258f-1ef0-4c93-83ce-4e33730c7cab', 
'b10ca036-b0d1-4659-84e1-ffe52f49b500', 
'DataAggregateFunction', 
'dataaggregatefunction', 
40, 
7, 
'', 
false);
INSERT INTO "mendixsystem$attribute" ("id", 
"entity_id", 
"attribute_name", 
"column_name", 
"type", 
"length", 
"default_value", 
"is_auto_number")
 VALUES ('49179b08-f568-4e2b-8817-9b7636664625', 
'b10ca036-b0d1-4659-84e1-ffe52f49b500', 
'ResultAggregate', 
'resultaggregate', 
10, 
0, 
'false', 
false);
INSERT INTO "mendixsystem$attribute" ("id", 
"entity_id", 
"attribute_name", 
"column_name", 
"type", 
"length", 
"default_value", 
"is_auto_number")
 VALUES ('aca9cdb9-3d74-4387-adf3-7581e2193830', 
'b10ca036-b0d1-4659-84e1-ffe52f49b500', 
'ResultAggregateFunction', 
'resultaggregatefunction', 
40, 
7, 
'', 
false);
CREATE TABLE "xlsreport$mxsheet" (
	"id" BIGINT NOT NULL,
	"sequence" INT NULL,
	"name" VARCHAR_IGNORECASE(200) NULL,
	"datausage" BOOLEAN NULL,
	"status" VARCHAR_IGNORECASE(3) NULL,
	"distinctdata" BOOLEAN NULL,
	"startrow" INT NULL,
	"columnwidthdefault" BOOLEAN NULL,
	"columnwidthpixels" INT NULL,
	"rowheightdefault" BOOLEAN NULL,
	"rowheightpoint" INT NULL,
	"formlayout_groupby" BOOLEAN NULL,
	"createddate" TIMESTAMP NULL,
	"changeddate" TIMESTAMP NULL,
	"system$changedby" BIGINT NULL,
	"system$owner" BIGINT NULL,
	PRIMARY KEY("id"));
CREATE INDEX "idx_xlsreport$mxsheet_system$changedby" ON "xlsreport$mxsheet" ("system$changedby" ASC,"id" ASC);
CREATE INDEX "idx_xlsreport$mxsheet_system$owner" ON "xlsreport$mxsheet" ("system$owner" ASC,"id" ASC);
INSERT INTO "mendixsystem$entity" ("id", 
"entity_name", 
"table_name", 
"remote", 
"remote_primary_key")
 VALUES ('e33a1aaf-12e2-4f07-b796-d1af1ea69fa2', 
'XLSReport.MxSheet', 
'xlsreport$mxsheet', 
false, 
false);
INSERT INTO "mendixsystem$attribute" ("id", 
"entity_id", 
"attribute_name", 
"column_name", 
"type", 
"length", 
"default_value", 
"is_auto_number")
 VALUES ('30fe0746-6304-472e-946c-4399125feaf8', 
'e33a1aaf-12e2-4f07-b796-d1af1ea69fa2', 
'Sequence', 
'sequence', 
3, 
0, 
'1', 
false);
INSERT INTO "mendixsystem$attribute" ("id", 
"entity_id", 
"attribute_name", 
"column_name", 
"type", 
"length", 
"default_value", 
"is_auto_number")
 VALUES ('9c0c943e-299a-4216-9e40-902faaae378e', 
'e33a1aaf-12e2-4f07-b796-d1af1ea69fa2', 
'Name', 
'name', 
30, 
200, 
'', 
false);
INSERT INTO "mendixsystem$attribute" ("id", 
"entity_id", 
"attribute_name", 
"column_name", 
"type", 
"length", 
"default_value", 
"is_auto_number")
 VALUES ('aedcbf62-c9d9-4c6b-ac73-c6620e542516', 
'e33a1aaf-12e2-4f07-b796-d1af1ea69fa2', 
'DataUsage', 
'datausage', 
10, 
0, 
'false', 
false);
INSERT INTO "mendixsystem$attribute" ("id", 
"entity_id", 
"attribute_name", 
"column_name", 
"type", 
"length", 
"default_value", 
"is_auto_number")
 VALUES ('15439d2a-e1fe-4407-84dd-9bc85c017fab', 
'e33a1aaf-12e2-4f07-b796-d1af1ea69fa2', 
'Status', 
'status', 
40, 
3, 
'No', 
false);
INSERT INTO "mendixsystem$attribute" ("id", 
"entity_id", 
"attribute_name", 
"column_name", 
"type", 
"length", 
"default_value", 
"is_auto_number")
 VALUES ('fb23a536-9b67-4eb4-9c42-5aae6dbf8040', 
'e33a1aaf-12e2-4f07-b796-d1af1ea69fa2', 
'DistinctData', 
'distinctdata', 
10, 
0, 
'false', 
false);
INSERT INTO "mendixsystem$attribute" ("id", 
"entity_id", 
"attribute_name", 
"column_name", 
"type", 
"length", 
"default_value", 
"is_auto_number")
 VALUES ('5da7fd93-11c0-4e2c-ac77-692b51abf9ef', 
'e33a1aaf-12e2-4f07-b796-d1af1ea69fa2', 
'StartRow', 
'startrow', 
3, 
0, 
'1', 
false);
INSERT INTO "mendixsystem$attribute" ("id", 
"entity_id", 
"attribute_name", 
"column_name", 
"type", 
"length", 
"default_value", 
"is_auto_number")
 VALUES ('4d4d3211-892c-4c2a-b0de-a27aae812986', 
'e33a1aaf-12e2-4f07-b796-d1af1ea69fa2', 
'ColumnWidthDefault', 
'columnwidthdefault', 
10, 
0, 
'true', 
false);
INSERT INTO "mendixsystem$attribute" ("id", 
"entity_id", 
"attribute_name", 
"column_name", 
"type", 
"length", 
"default_value", 
"is_auto_number")
 VALUES ('cbabe8ca-3854-4a74-9102-20339f13f28b', 
'e33a1aaf-12e2-4f07-b796-d1af1ea69fa2', 
'ColumnWidthPixels', 
'columnwidthpixels', 
3, 
0, 
'0', 
false);
INSERT INTO "mendixsystem$attribute" ("id", 
"entity_id", 
"attribute_name", 
"column_name", 
"type", 
"length", 
"default_value", 
"is_auto_number")
 VALUES ('b279bf17-8fbd-4227-9ee9-cd26caa20b41', 
'e33a1aaf-12e2-4f07-b796-d1af1ea69fa2', 
'RowHeightDefault', 
'rowheightdefault', 
10, 
0, 
'true', 
false);
INSERT INTO "mendixsystem$attribute" ("id", 
"entity_id", 
"attribute_name", 
"column_name", 
"type", 
"length", 
"default_value", 
"is_auto_number")
 VALUES ('a17cf1b1-3d1c-42d7-8487-bff2f51d4319', 
'e33a1aaf-12e2-4f07-b796-d1af1ea69fa2', 
'RowHeightPoint', 
'rowheightpoint', 
3, 
0, 
'0', 
false);
INSERT INTO "mendixsystem$attribute" ("id", 
"entity_id", 
"attribute_name", 
"column_name", 
"type", 
"length", 
"default_value", 
"is_auto_number")
 VALUES ('e011c8b7-b9f5-4818-8a9c-09b4bee7ef09', 
'e33a1aaf-12e2-4f07-b796-d1af1ea69fa2', 
'FormLayout_GroupBy', 
'formlayout_groupby', 
10, 
0, 
'false', 
false);
INSERT INTO "mendixsystem$attribute" ("id", 
"entity_id", 
"attribute_name", 
"column_name", 
"type", 
"length", 
"default_value", 
"is_auto_number")
 VALUES ('e1cb9d59-08e7-3f4f-84cc-8825acd5ed53', 
'e33a1aaf-12e2-4f07-b796-d1af1ea69fa2', 
'createdDate', 
'createddate', 
20, 
0, 
'', 
false);
INSERT INTO "mendixsystem$attribute" ("id", 
"entity_id", 
"attribute_name", 
"column_name", 
"type", 
"length", 
"default_value", 
"is_auto_number")
 VALUES ('bf8ed433-55e4-3f22-95e4-f297ec188ba7', 
'e33a1aaf-12e2-4f07-b796-d1af1ea69fa2', 
'changedDate', 
'changeddate', 
20, 
0, 
'', 
false);
INSERT INTO "mendixsystem$index" ("id", 
"table_id", 
"index_name")
 VALUES ('0ad351a0-cdf5-3725-b640-e74747b67fad', 
'e33a1aaf-12e2-4f07-b796-d1af1ea69fa2', 
'idx_xlsreport$mxsheet_system$changedby');
INSERT INTO "mendixsystem$index_column" ("index_id", 
"column_id", 
"sort_order", 
"ordinal")
 VALUES ('0ad351a0-cdf5-3725-b640-e74747b67fad', 
'14179b70-d0ff-381d-ad8f-5e865c281bb3', 
false, 
0);
INSERT INTO "mendixsystem$index" ("id", 
"table_id", 
"index_name")
 VALUES ('659388fa-7cb5-36f2-8849-41dd946715e9', 
'e33a1aaf-12e2-4f07-b796-d1af1ea69fa2', 
'idx_xlsreport$mxsheet_system$owner');
INSERT INTO "mendixsystem$index_column" ("index_id", 
"column_id", 
"sort_order", 
"ordinal")
 VALUES ('659388fa-7cb5-36f2-8849-41dd946715e9', 
'dfe9a4af-6404-34c7-94f1-413cc6d85dde', 
false, 
0);
INSERT INTO "mendixsystem$association" ("id", 
"association_name", 
"table_name", 
"parent_entity_id", 
"child_entity_id", 
"parent_column_name", 
"child_column_name")
 VALUES ('14179b70-d0ff-381d-ad8f-5e865c281bb3', 
'System.changedBy', 
'system$changedby', 
'e33a1aaf-12e2-4f07-b796-d1af1ea69fa2', 
'282e2e60-88a5-469d-84a5-ba8d9151644f', 
'id', 
'system$changedby');
INSERT INTO "mendixsystem$association" ("id", 
"association_name", 
"table_name", 
"parent_entity_id", 
"child_entity_id", 
"parent_column_name", 
"child_column_name")
 VALUES ('dfe9a4af-6404-34c7-94f1-413cc6d85dde', 
'System.owner', 
'system$owner', 
'e33a1aaf-12e2-4f07-b796-d1af1ea69fa2', 
'282e2e60-88a5-469d-84a5-ba8d9151644f', 
'id', 
'system$owner');
CREATE TABLE "xlsreport$mxsheet_rowobject" (
	"xlsreport$mxsheetid" BIGINT NOT NULL,
	"mxmodelreflection$mxobjecttypeid" BIGINT NOT NULL,
	PRIMARY KEY("xlsreport$mxsheetid","mxmodelreflection$mxobjecttypeid"),
	CONSTRAINT "uniq_xlsreport$mxsheet_rowobject_xlsreport$mxsheetid" UNIQUE ("xlsreport$mxsheetid"));
CREATE INDEX "idx_xlsreport$mxsheet_rowobject_mxmodelreflection$mxobjecttype_xlsreport$mxsheet" ON "xlsreport$mxsheet_rowobject" ("mxmodelreflection$mxobjecttypeid" ASC,"xlsreport$mxsheetid" ASC);
INSERT INTO "mendixsystem$association" ("id", 
"association_name", 
"table_name", 
"parent_entity_id", 
"child_entity_id", 
"parent_column_name", 
"child_column_name", 
"index_name")
 VALUES ('38afabcc-1f63-42d9-b3bc-48e112aa7dcb', 
'XLSReport.MxSheet_RowObject', 
'xlsreport$mxsheet_rowobject', 
'e33a1aaf-12e2-4f07-b796-d1af1ea69fa2', 
'2750feee-09aa-4b3a-abdc-807f553d0c73', 
'xlsreport$mxsheetid', 
'mxmodelreflection$mxobjecttypeid', 
'idx_xlsreport$mxsheet_rowobject_mxmodelreflection$mxobjecttype_xlsreport$mxsheet');
INSERT INTO "mendixsystem$unique_constraint" ("name", 
"table_id", 
"column_id")
 VALUES ('uniq_xlsreport$mxsheet_rowobject_xlsreport$mxsheetid', 
'38afabcc-1f63-42d9-b3bc-48e112aa7dcb', 
'fa032616-f696-3e54-b190-922dd2339030');
CREATE TABLE "xlsreport$mxsheet_mxobjectreference" (
	"xlsreport$mxsheetid" BIGINT NOT NULL,
	"mxmodelreflection$mxobjectreferenceid" BIGINT NOT NULL,
	PRIMARY KEY("xlsreport$mxsheetid","mxmodelreflection$mxobjectreferenceid"),
	CONSTRAINT "uniq_xlsreport$mxsheet_mxobjectreference_xlsreport$mxsheetid" UNIQUE ("xlsreport$mxsheetid"));
CREATE INDEX "idx_xlsreport$mxsheet_mxobjectreference_mxmodelreflection$mxobjectreference_xlsreport$mxsheet" ON "xlsreport$mxsheet_mxobjectreference" ("mxmodelreflection$mxobjectreferenceid" ASC,"xlsreport$mxsheetid" ASC);
INSERT INTO "mendixsystem$association" ("id", 
"association_name", 
"table_name", 
"parent_entity_id", 
"child_entity_id", 
"parent_column_name", 
"child_column_name", 
"index_name")
 VALUES ('107aa92d-9ef1-47aa-8e78-a50a9ec15772', 
'XLSReport.MxSheet_MxObjectReference', 
'xlsreport$mxsheet_mxobjectreference', 
'e33a1aaf-12e2-4f07-b796-d1af1ea69fa2', 
'eb17e8e5-32f7-4fb8-a8e0-b78bd0cb5fab', 
'xlsreport$mxsheetid', 
'mxmodelreflection$mxobjectreferenceid', 
'idx_xlsreport$mxsheet_mxobjectreference_mxmodelreflection$mxobjectreference_xlsreport$mxsheet');
INSERT INTO "mendixsystem$unique_constraint" ("name", 
"table_id", 
"column_id")
 VALUES ('uniq_xlsreport$mxsheet_mxobjectreference_xlsreport$mxsheetid', 
'107aa92d-9ef1-47aa-8e78-a50a9ec15772', 
'e4ee44e4-4fe1-3631-968f-70d4f421555b');
CREATE TABLE "xlsreport$mxsheet_headerstyle" (
	"xlsreport$mxsheetid" BIGINT NOT NULL,
	"xlsreport$mxcellstyleid" BIGINT NOT NULL,
	PRIMARY KEY("xlsreport$mxsheetid","xlsreport$mxcellstyleid"),
	CONSTRAINT "uniq_xlsreport$mxsheet_headerstyle_xlsreport$mxsheetid" UNIQUE ("xlsreport$mxsheetid"));
CREATE INDEX "idx_xlsreport$mxsheet_headerstyle_xlsreport$mxcellstyle_xlsreport$mxsheet" ON "xlsreport$mxsheet_headerstyle" ("xlsreport$mxcellstyleid" ASC,"xlsreport$mxsheetid" ASC);
INSERT INTO "mendixsystem$association" ("id", 
"association_name", 
"table_name", 
"parent_entity_id", 
"child_entity_id", 
"parent_column_name", 
"child_column_name", 
"index_name")
 VALUES ('289765ba-7772-4d70-abdd-b37c4489be9a', 
'XLSReport.MxSheet_HeaderStyle', 
'xlsreport$mxsheet_headerstyle', 
'e33a1aaf-12e2-4f07-b796-d1af1ea69fa2', 
'dedbb487-d0cf-4d22-8e9c-e62f2b4d7bd2', 
'xlsreport$mxsheetid', 
'xlsreport$mxcellstyleid', 
'idx_xlsreport$mxsheet_headerstyle_xlsreport$mxcellstyle_xlsreport$mxsheet');
INSERT INTO "mendixsystem$unique_constraint" ("name", 
"table_id", 
"column_id")
 VALUES ('uniq_xlsreport$mxsheet_headerstyle_xlsreport$mxsheetid', 
'289765ba-7772-4d70-abdd-b37c4489be9a', 
'53f274b4-3d4c-3ab7-8c2a-3c073924b30f');
CREATE TABLE "xlsreport$mxsheet_template" (
	"xlsreport$mxsheetid" BIGINT NOT NULL,
	"xlsreport$mxtemplateid" BIGINT NOT NULL,
	PRIMARY KEY("xlsreport$mxsheetid","xlsreport$mxtemplateid"),
	CONSTRAINT "uniq_xlsreport$mxsheet_template_xlsreport$mxsheetid" UNIQUE ("xlsreport$mxsheetid"));
CREATE INDEX "idx_xlsreport$mxsheet_template_xlsreport$mxtemplate_xlsreport$mxsheet" ON "xlsreport$mxsheet_template" ("xlsreport$mxtemplateid" ASC,"xlsreport$mxsheetid" ASC);
INSERT INTO "mendixsystem$association" ("id", 
"association_name", 
"table_name", 
"parent_entity_id", 
"child_entity_id", 
"parent_column_name", 
"child_column_name", 
"index_name")
 VALUES ('4c3942b4-21c4-4d3f-a443-f3957257fbed', 
'XLSReport.MxSheet_Template', 
'xlsreport$mxsheet_template', 
'e33a1aaf-12e2-4f07-b796-d1af1ea69fa2', 
'019c86dd-17af-4941-864d-295e0f7f34ab', 
'xlsreport$mxsheetid', 
'xlsreport$mxtemplateid', 
'idx_xlsreport$mxsheet_template_xlsreport$mxtemplate_xlsreport$mxsheet');
INSERT INTO "mendixsystem$unique_constraint" ("name", 
"table_id", 
"column_id")
 VALUES ('uniq_xlsreport$mxsheet_template_xlsreport$mxsheetid', 
'4c3942b4-21c4-4d3f-a443-f3957257fbed', 
'a41fb2d2-4aba-384c-90a8-a676c3298cbb');
CREATE TABLE "xlsreport$mxsheet_defaultstyle" (
	"xlsreport$mxsheetid" BIGINT NOT NULL,
	"xlsreport$mxcellstyleid" BIGINT NOT NULL,
	PRIMARY KEY("xlsreport$mxsheetid","xlsreport$mxcellstyleid"),
	CONSTRAINT "uniq_xlsreport$mxsheet_defaultstyle_xlsreport$mxsheetid" UNIQUE ("xlsreport$mxsheetid"));
CREATE INDEX "idx_xlsreport$mxsheet_defaultstyle_xlsreport$mxcellstyle_xlsreport$mxsheet" ON "xlsreport$mxsheet_defaultstyle" ("xlsreport$mxcellstyleid" ASC,"xlsreport$mxsheetid" ASC);
INSERT INTO "mendixsystem$association" ("id", 
"association_name", 
"table_name", 
"parent_entity_id", 
"child_entity_id", 
"parent_column_name", 
"child_column_name", 
"index_name")
 VALUES ('39928eec-3b66-4c19-a86f-0eeed66025c1', 
'XLSReport.MxSheet_DefaultStyle', 
'xlsreport$mxsheet_defaultstyle', 
'e33a1aaf-12e2-4f07-b796-d1af1ea69fa2', 
'dedbb487-d0cf-4d22-8e9c-e62f2b4d7bd2', 
'xlsreport$mxsheetid', 
'xlsreport$mxcellstyleid', 
'idx_xlsreport$mxsheet_defaultstyle_xlsreport$mxcellstyle_xlsreport$mxsheet');
INSERT INTO "mendixsystem$unique_constraint" ("name", 
"table_id", 
"column_id")
 VALUES ('uniq_xlsreport$mxsheet_defaultstyle_xlsreport$mxsheetid', 
'39928eec-3b66-4c19-a86f-0eeed66025c1', 
'f5073dab-432a-3891-8ae7-1d12994e2c5a');
CREATE TABLE "xlsreport$mxcolumnsettings" (
	"id" BIGINT NOT NULL,
	"columnindex" INT NULL,
	"autosize" BOOLEAN NULL,
	"columnwidth" INT NULL,
	"createddate" TIMESTAMP NULL,
	"changeddate" TIMESTAMP NULL,
	"system$owner" BIGINT NULL,
	"system$changedby" BIGINT NULL,
	PRIMARY KEY("id"));
CREATE INDEX "idx_xlsreport$mxcolumnsettings_system$owner" ON "xlsreport$mxcolumnsettings" ("system$owner" ASC,"id" ASC);
CREATE INDEX "idx_xlsreport$mxcolumnsettings_system$changedby" ON "xlsreport$mxcolumnsettings" ("system$changedby" ASC,"id" ASC);
INSERT INTO "mendixsystem$entity" ("id", 
"entity_name", 
"table_name", 
"remote", 
"remote_primary_key")
 VALUES ('fc52b7af-3920-4089-a762-ec8edd3b3df4', 
'XLSReport.MxColumnSettings', 
'xlsreport$mxcolumnsettings', 
false, 
false);
INSERT INTO "mendixsystem$attribute" ("id", 
"entity_id", 
"attribute_name", 
"column_name", 
"type", 
"length", 
"default_value", 
"is_auto_number")
 VALUES ('781ecf57-6a2e-4a20-a872-cc37fcf4a6f3', 
'fc52b7af-3920-4089-a762-ec8edd3b3df4', 
'ColumnIndex', 
'columnindex', 
3, 
0, 
'0', 
false);
INSERT INTO "mendixsystem$attribute" ("id", 
"entity_id", 
"attribute_name", 
"column_name", 
"type", 
"length", 
"default_value", 
"is_auto_number")
 VALUES ('0a61bc8b-34b7-480a-b1bd-0090aad0ef23', 
'fc52b7af-3920-4089-a762-ec8edd3b3df4', 
'AutoSize', 
'autosize', 
10, 
0, 
'false', 
false);
INSERT INTO "mendixsystem$attribute" ("id", 
"entity_id", 
"attribute_name", 
"column_name", 
"type", 
"length", 
"default_value", 
"is_auto_number")
 VALUES ('57b5ef0d-2a64-464b-83bd-ccbc1c0b2605', 
'fc52b7af-3920-4089-a762-ec8edd3b3df4', 
'ColumnWidth', 
'columnwidth', 
3, 
0, 
'0', 
false);
INSERT INTO "mendixsystem$attribute" ("id", 
"entity_id", 
"attribute_name", 
"column_name", 
"type", 
"length", 
"default_value", 
"is_auto_number")
 VALUES ('811f848f-7e59-3ee3-90c4-a1c9c81ce69e', 
'fc52b7af-3920-4089-a762-ec8edd3b3df4', 
'createdDate', 
'createddate', 
20, 
0, 
'', 
false);
INSERT INTO "mendixsystem$attribute" ("id", 
"entity_id", 
"attribute_name", 
"column_name", 
"type", 
"length", 
"default_value", 
"is_auto_number")
 VALUES ('20e21fb1-fd7a-3fee-b5f8-3d9eaa7a3637', 
'fc52b7af-3920-4089-a762-ec8edd3b3df4', 
'changedDate', 
'changeddate', 
20, 
0, 
'', 
false);
INSERT INTO "mendixsystem$index" ("id", 
"table_id", 
"index_name")
 VALUES ('34b2e233-fc5f-33e5-9603-50245821c98e', 
'fc52b7af-3920-4089-a762-ec8edd3b3df4', 
'idx_xlsreport$mxcolumnsettings_system$owner');
INSERT INTO "mendixsystem$index_column" ("index_id", 
"column_id", 
"sort_order", 
"ordinal")
 VALUES ('34b2e233-fc5f-33e5-9603-50245821c98e', 
'06b99160-ba69-35c9-a157-c43faf5deff2', 
false, 
0);
INSERT INTO "mendixsystem$index" ("id", 
"table_id", 
"index_name")
 VALUES ('8baf035e-d744-3e52-b87f-bd614d3fb708', 
'fc52b7af-3920-4089-a762-ec8edd3b3df4', 
'idx_xlsreport$mxcolumnsettings_system$changedby');
INSERT INTO "mendixsystem$index_column" ("index_id", 
"column_id", 
"sort_order", 
"ordinal")
 VALUES ('8baf035e-d744-3e52-b87f-bd614d3fb708', 
'e25316b8-8158-3fb6-9d89-d08ebdbde678', 
false, 
0);
INSERT INTO "mendixsystem$association" ("id", 
"association_name", 
"table_name", 
"parent_entity_id", 
"child_entity_id", 
"parent_column_name", 
"child_column_name")
 VALUES ('06b99160-ba69-35c9-a157-c43faf5deff2', 
'System.owner', 
'system$owner', 
'fc52b7af-3920-4089-a762-ec8edd3b3df4', 
'282e2e60-88a5-469d-84a5-ba8d9151644f', 
'id', 
'system$owner');
INSERT INTO "mendixsystem$association" ("id", 
"association_name", 
"table_name", 
"parent_entity_id", 
"child_entity_id", 
"parent_column_name", 
"child_column_name")
 VALUES ('e25316b8-8158-3fb6-9d89-d08ebdbde678', 
'System.changedBy', 
'system$changedby', 
'fc52b7af-3920-4089-a762-ec8edd3b3df4', 
'282e2e60-88a5-469d-84a5-ba8d9151644f', 
'id', 
'system$changedby');
CREATE TABLE "xlsreport$columnsettings_mxsheet" (
	"xlsreport$mxcolumnsettingsid" BIGINT NOT NULL,
	"xlsreport$mxsheetid" BIGINT NOT NULL,
	PRIMARY KEY("xlsreport$mxcolumnsettingsid","xlsreport$mxsheetid"),
	CONSTRAINT "uniq_xlsreport$columnsettings_mxsheet_xlsreport$mxcolumnsettingsid" UNIQUE ("xlsreport$mxcolumnsettingsid"));
CREATE INDEX "idx_xlsreport$columnsettings_mxsheet_xlsreport$mxsheet_xlsreport$mxcolumnsettings" ON "xlsreport$columnsettings_mxsheet" ("xlsreport$mxsheetid" ASC,"xlsreport$mxcolumnsettingsid" ASC);
INSERT INTO "mendixsystem$association" ("id", 
"association_name", 
"table_name", 
"parent_entity_id", 
"child_entity_id", 
"parent_column_name", 
"child_column_name", 
"index_name")
 VALUES ('e582f2df-acfa-474e-aa13-1598d19ecdd9', 
'XLSReport.ColumnSettings_MxSheet', 
'xlsreport$columnsettings_mxsheet', 
'fc52b7af-3920-4089-a762-ec8edd3b3df4', 
'e33a1aaf-12e2-4f07-b796-d1af1ea69fa2', 
'xlsreport$mxcolumnsettingsid', 
'xlsreport$mxsheetid', 
'idx_xlsreport$columnsettings_mxsheet_xlsreport$mxsheet_xlsreport$mxcolumnsettings');
INSERT INTO "mendixsystem$unique_constraint" ("name", 
"table_id", 
"column_id")
 VALUES ('uniq_xlsreport$columnsettings_mxsheet_xlsreport$mxcolumnsettingsid', 
'e582f2df-acfa-474e-aa13-1598d19ecdd9', 
'4e216dab-adc0-304e-a089-c1b85253c8ad');
CREATE TABLE "excelimporter$additionalproperties" (
	"id" BIGINT NOT NULL,
	"printstatisticsmessages" VARCHAR_IGNORECASE(19) NULL,
	"printnotfoundmessages_mainobject" BOOLEAN NULL,
	"ignoreemptykeys" BOOLEAN NULL,
	"commitunchangedobjects_mainobject" BOOLEAN NULL,
	"removeunsyncedobjects" VARCHAR_IGNORECASE(22) NULL,
	"resetemptyassociations" BOOLEAN NULL,
	"createddate" TIMESTAMP NULL,
	"changeddate" TIMESTAMP NULL,
	"system$owner" BIGINT NULL,
	"system$changedby" BIGINT NULL,
	PRIMARY KEY("id"));
CREATE INDEX "idx_excelimporter$additionalproperties_system$owner" ON "excelimporter$additionalproperties" ("system$owner" ASC,"id" ASC);
CREATE INDEX "idx_excelimporter$additionalproperties_system$changedby" ON "excelimporter$additionalproperties" ("system$changedby" ASC,"id" ASC);
INSERT INTO "mendixsystem$entity" ("id", 
"entity_name", 
"table_name", 
"remote", 
"remote_primary_key")
 VALUES ('a43ea6c4-9296-491e-bbff-f8aa48c0374a', 
'ExcelImporter.AdditionalProperties', 
'excelimporter$additionalproperties', 
false, 
false);
INSERT INTO "mendixsystem$attribute" ("id", 
"entity_id", 
"attribute_name", 
"column_name", 
"type", 
"length", 
"default_value", 
"is_auto_number")
 VALUES ('483e2760-bafd-41b6-baa1-4dad66182022', 
'a43ea6c4-9296-491e-bbff-f8aa48c0374a', 
'PrintStatisticsMessages', 
'printstatisticsmessages', 
40, 
19, 
'AllStatistics', 
false);
INSERT INTO "mendixsystem$attribute" ("id", 
"entity_id", 
"attribute_name", 
"column_name", 
"type", 
"length", 
"default_value", 
"is_auto_number")
 VALUES ('e982edda-41d1-4771-afe9-6c5909822758', 
'a43ea6c4-9296-491e-bbff-f8aa48c0374a', 
'PrintNotFoundMessages_MainObject', 
'printnotfoundmessages_mainobject', 
10, 
0, 
'true', 
false);
INSERT INTO "mendixsystem$attribute" ("id", 
"entity_id", 
"attribute_name", 
"column_name", 
"type", 
"length", 
"default_value", 
"is_auto_number")
 VALUES ('ce10fcf3-f9de-48f1-86e1-248fcbc8ce5e', 
'a43ea6c4-9296-491e-bbff-f8aa48c0374a', 
'IgnoreEmptyKeys', 
'ignoreemptykeys', 
10, 
0, 
'true', 
false);
INSERT INTO "mendixsystem$attribute" ("id", 
"entity_id", 
"attribute_name", 
"column_name", 
"type", 
"length", 
"default_value", 
"is_auto_number")
 VALUES ('00bfc15f-f295-4016-bd2f-3e86fd0246d1', 
'a43ea6c4-9296-491e-bbff-f8aa48c0374a', 
'CommitUnchangedObjects_MainObject', 
'commitunchangedobjects_mainobject', 
10, 
0, 
'true', 
false);
INSERT INTO "mendixsystem$attribute" ("id", 
"entity_id", 
"attribute_name", 
"column_name", 
"type", 
"length", 
"default_value", 
"is_auto_number")
 VALUES ('81f9d463-da2a-49f1-81c8-bafc7af99471', 
'a43ea6c4-9296-491e-bbff-f8aa48c0374a', 
'RemoveUnsyncedObjects', 
'removeunsyncedobjects', 
40, 
22, 
'Nothing', 
false);
INSERT INTO "mendixsystem$attribute" ("id", 
"entity_id", 
"attribute_name", 
"column_name", 
"type", 
"length", 
"default_value", 
"is_auto_number")
 VALUES ('bab422ca-0b56-416c-8469-8defe50ef513', 
'a43ea6c4-9296-491e-bbff-f8aa48c0374a', 
'ResetEmptyAssociations', 
'resetemptyassociations', 
10, 
0, 
'false', 
false);
INSERT INTO "mendixsystem$attribute" ("id", 
"entity_id", 
"attribute_name", 
"column_name", 
"type", 
"length", 
"default_value", 
"is_auto_number")
 VALUES ('52c790d3-ba08-3134-86a3-7eb975aede8d', 
'a43ea6c4-9296-491e-bbff-f8aa48c0374a', 
'createdDate', 
'createddate', 
20, 
0, 
'', 
false);
INSERT INTO "mendixsystem$attribute" ("id", 
"entity_id", 
"attribute_name", 
"column_name", 
"type", 
"length", 
"default_value", 
"is_auto_number")
 VALUES ('4a21632c-47e2-3462-adf0-833d57cdd15f', 
'a43ea6c4-9296-491e-bbff-f8aa48c0374a', 
'changedDate', 
'changeddate', 
20, 
0, 
'', 
false);
INSERT INTO "mendixsystem$index" ("id", 
"table_id", 
"index_name")
 VALUES ('68830340-6106-3538-bca4-511b19ce7273', 
'a43ea6c4-9296-491e-bbff-f8aa48c0374a', 
'idx_excelimporter$additionalproperties_system$owner');
INSERT INTO "mendixsystem$index_column" ("index_id", 
"column_id", 
"sort_order", 
"ordinal")
 VALUES ('68830340-6106-3538-bca4-511b19ce7273', 
'643cdf8c-7502-3c4d-9926-e75954f1629a', 
false, 
0);
INSERT INTO "mendixsystem$index" ("id", 
"table_id", 
"index_name")
 VALUES ('fb99adb9-eeb4-351b-9b79-b4d09170c6c6', 
'a43ea6c4-9296-491e-bbff-f8aa48c0374a', 
'idx_excelimporter$additionalproperties_system$changedby');
INSERT INTO "mendixsystem$index_column" ("index_id", 
"column_id", 
"sort_order", 
"ordinal")
 VALUES ('fb99adb9-eeb4-351b-9b79-b4d09170c6c6', 
'610e902a-9f97-3a9a-9535-51dd785e84fc', 
false, 
0);
INSERT INTO "mendixsystem$association" ("id", 
"association_name", 
"table_name", 
"parent_entity_id", 
"child_entity_id", 
"parent_column_name", 
"child_column_name")
 VALUES ('643cdf8c-7502-3c4d-9926-e75954f1629a', 
'System.owner', 
'system$owner', 
'a43ea6c4-9296-491e-bbff-f8aa48c0374a', 
'282e2e60-88a5-469d-84a5-ba8d9151644f', 
'id', 
'system$owner');
INSERT INTO "mendixsystem$association" ("id", 
"association_name", 
"table_name", 
"parent_entity_id", 
"child_entity_id", 
"parent_column_name", 
"child_column_name")
 VALUES ('610e902a-9f97-3a9a-9535-51dd785e84fc', 
'System.changedBy', 
'system$changedby', 
'a43ea6c4-9296-491e-bbff-f8aa48c0374a', 
'282e2e60-88a5-469d-84a5-ba8d9151644f', 
'id', 
'system$changedby');
CREATE TABLE "excelimporter$additionalproperties_mxobjectmember_removeindicator" (
	"excelimporter$additionalpropertiesid" BIGINT NOT NULL,
	"mxmodelreflection$mxobjectmemberid" BIGINT NOT NULL,
	PRIMARY KEY("excelimporter$additionalpropertiesid","mxmodelreflection$mxobjectmemberid"),
	CONSTRAINT "uniq_excelimporter$additionalproperties_mxobjectmember_removeindicator_excelimporter$additionalpropertiesid" UNIQUE ("excelimporter$additionalpropertiesid"));
CREATE INDEX "idx_excelimporter$additionalproperties_mxobjectmember_removeindicator" ON "excelimporter$additionalproperties_mxobjectmember_removeindicator" ("mxmodelreflection$mxobjectmemberid" ASC,"excelimporter$additionalpropertiesid" ASC);
INSERT INTO "mendixsystem$association" ("id", 
"association_name", 
"table_name", 
"parent_entity_id", 
"child_entity_id", 
"parent_column_name", 
"child_column_name", 
"index_name")
 VALUES ('840934ea-1490-40a5-afda-173851338b66', 
'ExcelImporter.AdditionalProperties_MxObjectMember_RemoveIndicator', 
'excelimporter$additionalproperties_mxobjectmember_removeindicator', 
'a43ea6c4-9296-491e-bbff-f8aa48c0374a', 
'69a067b5-3545-4ce0-a470-5c30d9a4e458', 
'excelimporter$additionalpropertiesid', 
'mxmodelreflection$mxobjectmemberid', 
'idx_excelimporter$additionalproperties_mxobjectmember_removeindicator');
INSERT INTO "mendixsystem$unique_constraint" ("name", 
"table_id", 
"column_id")
 VALUES ('uniq_excelimporter$additionalproperties_mxobjectmember_removeindicator_excelimporter$additionalpropertiesid', 
'840934ea-1490-40a5-afda-173851338b66', 
'60510bff-6d15-3da6-8f01-d5056485a0f8');
CREATE TABLE "xlsreport$mxconstraint" (
	"id" BIGINT NOT NULL,
	"sequence" INT NULL,
	"summary" VARCHAR_IGNORECASE(200) NULL,
	"attribute" VARCHAR_IGNORECASE(200) NULL,
	"constraint" VARCHAR_IGNORECASE(12) NULL,
	"attributetype" VARCHAR_IGNORECASE(7) NULL,
	"constrainttext" VARCHAR_IGNORECASE(50) NULL,
	"constraintnumber" BIGINT NULL,
	"constraintdecimal" DECIMAL(28, 8) NULL,
	"constraintdatetime" VARCHAR_IGNORECASE(6) NULL,
	"constraintboolean" BOOLEAN NULL,
	"andor" VARCHAR_IGNORECASE(3) NULL,
	PRIMARY KEY("id"));
INSERT INTO "mendixsystem$entity" ("id", 
"entity_name", 
"table_name", 
"remote", 
"remote_primary_key")
 VALUES ('0ec027d9-0488-4455-92d3-d9299a53827a', 
'XLSReport.MxConstraint', 
'xlsreport$mxconstraint', 
false, 
false);
INSERT INTO "mendixsystem$attribute" ("id", 
"entity_id", 
"attribute_name", 
"column_name", 
"type", 
"length", 
"default_value", 
"is_auto_number")
 VALUES ('dacd8ecc-417d-462d-bf83-4235a670f81d', 
'0ec027d9-0488-4455-92d3-d9299a53827a', 
'Sequence', 
'sequence', 
3, 
0, 
'0', 
false);
INSERT INTO "mendixsystem$attribute" ("id", 
"entity_id", 
"attribute_name", 
"column_name", 
"type", 
"length", 
"default_value", 
"is_auto_number")
 VALUES ('5b6a9101-4851-428d-a7c8-df2a55aef437', 
'0ec027d9-0488-4455-92d3-d9299a53827a', 
'Summary', 
'summary', 
30, 
200, 
'', 
false);
INSERT INTO "mendixsystem$attribute" ("id", 
"entity_id", 
"attribute_name", 
"column_name", 
"type", 
"length", 
"default_value", 
"is_auto_number")
 VALUES ('a08417ab-65b8-4db5-b363-f2fad7ae4910', 
'0ec027d9-0488-4455-92d3-d9299a53827a', 
'Attribute', 
'attribute', 
30, 
200, 
'', 
false);
INSERT INTO "mendixsystem$attribute" ("id", 
"entity_id", 
"attribute_name", 
"column_name", 
"type", 
"length", 
"default_value", 
"is_auto_number")
 VALUES ('67e3e353-40be-4525-9ef6-5e0e3f8978cd', 
'0ec027d9-0488-4455-92d3-d9299a53827a', 
'Constraint', 
'constraint', 
40, 
12, 
'', 
false);
INSERT INTO "mendixsystem$attribute" ("id", 
"entity_id", 
"attribute_name", 
"column_name", 
"type", 
"length", 
"default_value", 
"is_auto_number")
 VALUES ('4c02e392-2531-46dc-a0b5-b9307eb94f22', 
'0ec027d9-0488-4455-92d3-d9299a53827a', 
'AttributeType', 
'attributetype', 
40, 
7, 
'', 
false);
INSERT INTO "mendixsystem$attribute" ("id", 
"entity_id", 
"attribute_name", 
"column_name", 
"type", 
"length", 
"default_value", 
"is_auto_number")
 VALUES ('da10a01e-9839-4822-83aa-5a20b798910b', 
'0ec027d9-0488-4455-92d3-d9299a53827a', 
'ConstraintText', 
'constrainttext', 
30, 
50, 
'', 
false);
INSERT INTO "mendixsystem$attribute" ("id", 
"entity_id", 
"attribute_name", 
"column_name", 
"type", 
"length", 
"default_value", 
"is_auto_number")
 VALUES ('b81065f3-65a4-4692-8e49-2c79a759b838', 
'0ec027d9-0488-4455-92d3-d9299a53827a', 
'ConstraintNumber', 
'constraintnumber', 
4, 
0, 
'0', 
false);
INSERT INTO "mendixsystem$attribute" ("id", 
"entity_id", 
"attribute_name", 
"column_name", 
"type", 
"length", 
"default_value", 
"is_auto_number")
 VALUES ('f42d108b-54ab-4949-8ca0-556ea06f9108', 
'0ec027d9-0488-4455-92d3-d9299a53827a', 
'ConstraintDecimal', 
'constraintdecimal', 
5, 
0, 
'0', 
false);
INSERT INTO "mendixsystem$attribute" ("id", 
"entity_id", 
"attribute_name", 
"column_name", 
"type", 
"length", 
"default_value", 
"is_auto_number")
 VALUES ('994ddb40-7372-4599-a5e6-c3e4552a5fc1', 
'0ec027d9-0488-4455-92d3-d9299a53827a', 
'ConstraintDateTime', 
'constraintdatetime', 
40, 
6, 
'', 
false);
INSERT INTO "mendixsystem$attribute" ("id", 
"entity_id", 
"attribute_name", 
"column_name", 
"type", 
"length", 
"default_value", 
"is_auto_number")
 VALUES ('0fd99640-c172-45db-9d72-c0fb4562edbd', 
'0ec027d9-0488-4455-92d3-d9299a53827a', 
'ConstraintBoolean', 
'constraintboolean', 
10, 
0, 
'false', 
false);
INSERT INTO "mendixsystem$attribute" ("id", 
"entity_id", 
"attribute_name", 
"column_name", 
"type", 
"length", 
"default_value", 
"is_auto_number")
 VALUES ('9296adf9-91a5-4b39-9365-59fa7f4c83f0', 
'0ec027d9-0488-4455-92d3-d9299a53827a', 
'AndOr', 
'andor', 
40, 
3, 
'AND', 
false);
CREATE TABLE "xlsreport$mxconstraint_mxxpath" (
	"xlsreport$mxconstraintid" BIGINT NOT NULL,
	"xlsreport$mxxpathid" BIGINT NOT NULL,
	PRIMARY KEY("xlsreport$mxconstraintid","xlsreport$mxxpathid"),
	CONSTRAINT "uniq_xlsreport$mxconstraint_mxxpath_xlsreport$mxxpathid" UNIQUE ("xlsreport$mxxpathid"),
	CONSTRAINT "uniq_xlsreport$mxconstraint_mxxpath_xlsreport$mxconstraintid" UNIQUE ("xlsreport$mxconstraintid"));
CREATE INDEX "idx_xlsreport$mxconstraint_mxxpath_xlsreport$mxxpath_xlsreport$mxconstraint" ON "xlsreport$mxconstraint_mxxpath" ("xlsreport$mxxpathid" ASC,"xlsreport$mxconstraintid" ASC);
INSERT INTO "mendixsystem$association" ("id", 
"association_name", 
"table_name", 
"parent_entity_id", 
"child_entity_id", 
"parent_column_name", 
"child_column_name", 
"index_name")
 VALUES ('1f80c280-07da-418d-aeb0-94357365bca7', 
'XLSReport.MxConstraint_MxXPath', 
'xlsreport$mxconstraint_mxxpath', 
'0ec027d9-0488-4455-92d3-d9299a53827a', 
'd6b0a731-d1b6-4815-af40-fa429667b1c6', 
'xlsreport$mxconstraintid', 
'xlsreport$mxxpathid', 
'idx_xlsreport$mxconstraint_mxxpath_xlsreport$mxxpath_xlsreport$mxconstraint');
INSERT INTO "mendixsystem$unique_constraint" ("name", 
"table_id", 
"column_id")
 VALUES ('uniq_xlsreport$mxconstraint_mxxpath_xlsreport$mxxpathid', 
'1f80c280-07da-418d-aeb0-94357365bca7', 
'8fc7f145-aacf-3f5f-be84-ee34ca07785d');
INSERT INTO "mendixsystem$unique_constraint" ("name", 
"table_id", 
"column_id")
 VALUES ('uniq_xlsreport$mxconstraint_mxxpath_xlsreport$mxconstraintid', 
'1f80c280-07da-418d-aeb0-94357365bca7', 
'713c8c5d-b671-3783-8496-e154b03018bc');
CREATE TABLE "xlsreport$mxconstraint_mxsheet" (
	"xlsreport$mxconstraintid" BIGINT NOT NULL,
	"xlsreport$mxsheetid" BIGINT NOT NULL,
	PRIMARY KEY("xlsreport$mxconstraintid","xlsreport$mxsheetid"),
	CONSTRAINT "uniq_xlsreport$mxconstraint_mxsheet_xlsreport$mxconstraintid" UNIQUE ("xlsreport$mxconstraintid"));
CREATE INDEX "idx_xlsreport$mxconstraint_mxsheet_xlsreport$mxsheet_xlsreport$mxconstraint" ON "xlsreport$mxconstraint_mxsheet" ("xlsreport$mxsheetid" ASC,"xlsreport$mxconstraintid" ASC);
INSERT INTO "mendixsystem$association" ("id", 
"association_name", 
"table_name", 
"parent_entity_id", 
"child_entity_id", 
"parent_column_name", 
"child_column_name", 
"index_name")
 VALUES ('e4f7fdbd-4346-40cc-b7d0-54c44de2ac45', 
'XLSReport.MxConstraint_MxSheet', 
'xlsreport$mxconstraint_mxsheet', 
'0ec027d9-0488-4455-92d3-d9299a53827a', 
'e33a1aaf-12e2-4f07-b796-d1af1ea69fa2', 
'xlsreport$mxconstraintid', 
'xlsreport$mxsheetid', 
'idx_xlsreport$mxconstraint_mxsheet_xlsreport$mxsheet_xlsreport$mxconstraint');
INSERT INTO "mendixsystem$unique_constraint" ("name", 
"table_id", 
"column_id")
 VALUES ('uniq_xlsreport$mxconstraint_mxsheet_xlsreport$mxconstraintid', 
'e4f7fdbd-4346-40cc-b7d0-54c44de2ac45', 
'58640bbc-b237-3893-a343-13124a88bee4');
CREATE TABLE "xlsreport$mxsorting" (
	"id" BIGINT NOT NULL,
	"sequence" INT NULL,
	"summary" VARCHAR_IGNORECASE(200) NULL,
	"attribute" VARCHAR_IGNORECASE(200) NULL,
	"sortingdirection" VARCHAR_IGNORECASE(4) NULL,
	"createddate" TIMESTAMP NULL,
	"changeddate" TIMESTAMP NULL,
	"system$owner" BIGINT NULL,
	"system$changedby" BIGINT NULL,
	PRIMARY KEY("id"));
CREATE INDEX "idx_xlsreport$mxsorting_system$owner" ON "xlsreport$mxsorting" ("system$owner" ASC,"id" ASC);
CREATE INDEX "idx_xlsreport$mxsorting_system$changedby" ON "xlsreport$mxsorting" ("system$changedby" ASC,"id" ASC);
INSERT INTO "mendixsystem$entity" ("id", 
"entity_name", 
"table_name", 
"remote", 
"remote_primary_key")
 VALUES ('560697af-8283-4156-a7d0-8d51ce03ec07', 
'XLSReport.MxSorting', 
'xlsreport$mxsorting', 
false, 
false);
INSERT INTO "mendixsystem$attribute" ("id", 
"entity_id", 
"attribute_name", 
"column_name", 
"type", 
"length", 
"default_value", 
"is_auto_number")
 VALUES ('0533543e-c50c-4789-830a-0338f0e8eac8', 
'560697af-8283-4156-a7d0-8d51ce03ec07', 
'Sequence', 
'sequence', 
3, 
0, 
'0', 
false);
INSERT INTO "mendixsystem$attribute" ("id", 
"entity_id", 
"attribute_name", 
"column_name", 
"type", 
"length", 
"default_value", 
"is_auto_number")
 VALUES ('da2eb1b6-bcf7-4485-add0-71458804d07e', 
'560697af-8283-4156-a7d0-8d51ce03ec07', 
'Summary', 
'summary', 
30, 
200, 
'', 
false);
INSERT INTO "mendixsystem$attribute" ("id", 
"entity_id", 
"attribute_name", 
"column_name", 
"type", 
"length", 
"default_value", 
"is_auto_number")
 VALUES ('dd39e9bb-6ef4-4df1-a260-2c97fda3bcd1', 
'560697af-8283-4156-a7d0-8d51ce03ec07', 
'Attribute', 
'attribute', 
30, 
200, 
'', 
false);
INSERT INTO "mendixsystem$attribute" ("id", 
"entity_id", 
"attribute_name", 
"column_name", 
"type", 
"length", 
"default_value", 
"is_auto_number")
 VALUES ('cfc77338-aae3-4b36-b43d-6c1b30eac229', 
'560697af-8283-4156-a7d0-8d51ce03ec07', 
'SortingDirection', 
'sortingdirection', 
40, 
4, 
'Asc', 
false);
INSERT INTO "mendixsystem$attribute" ("id", 
"entity_id", 
"attribute_name", 
"column_name", 
"type", 
"length", 
"default_value", 
"is_auto_number")
 VALUES ('b2a00a94-2340-3a6e-8aab-2fa0c7f44c7c', 
'560697af-8283-4156-a7d0-8d51ce03ec07', 
'createdDate', 
'createddate', 
20, 
0, 
'', 
false);
INSERT INTO "mendixsystem$attribute" ("id", 
"entity_id", 
"attribute_name", 
"column_name", 
"type", 
"length", 
"default_value", 
"is_auto_number")
 VALUES ('e417f9ae-0c66-3b78-85d1-084eeb08c4ea', 
'560697af-8283-4156-a7d0-8d51ce03ec07', 
'changedDate', 
'changeddate', 
20, 
0, 
'', 
false);
INSERT INTO "mendixsystem$index" ("id", 
"table_id", 
"index_name")
 VALUES ('f7a9bd99-1288-315f-bee1-3f567146dd11', 
'560697af-8283-4156-a7d0-8d51ce03ec07', 
'idx_xlsreport$mxsorting_system$owner');
INSERT INTO "mendixsystem$index_column" ("index_id", 
"column_id", 
"sort_order", 
"ordinal")
 VALUES ('f7a9bd99-1288-315f-bee1-3f567146dd11', 
'2ebc926a-28fc-36ef-bfc8-b6a0e68359f3', 
false, 
0);
INSERT INTO "mendixsystem$index" ("id", 
"table_id", 
"index_name")
 VALUES ('75978cb0-bd56-398e-85ca-eb36c2668b9e', 
'560697af-8283-4156-a7d0-8d51ce03ec07', 
'idx_xlsreport$mxsorting_system$changedby');
INSERT INTO "mendixsystem$index_column" ("index_id", 
"column_id", 
"sort_order", 
"ordinal")
 VALUES ('75978cb0-bd56-398e-85ca-eb36c2668b9e', 
'1449001b-f5a5-3c6d-9763-f0a0ae959726', 
false, 
0);
INSERT INTO "mendixsystem$association" ("id", 
"association_name", 
"table_name", 
"parent_entity_id", 
"child_entity_id", 
"parent_column_name", 
"child_column_name")
 VALUES ('2ebc926a-28fc-36ef-bfc8-b6a0e68359f3', 
'System.owner', 
'system$owner', 
'560697af-8283-4156-a7d0-8d51ce03ec07', 
'282e2e60-88a5-469d-84a5-ba8d9151644f', 
'id', 
'system$owner');
INSERT INTO "mendixsystem$association" ("id", 
"association_name", 
"table_name", 
"parent_entity_id", 
"child_entity_id", 
"parent_column_name", 
"child_column_name")
 VALUES ('1449001b-f5a5-3c6d-9763-f0a0ae959726', 
'System.changedBy', 
'system$changedby', 
'560697af-8283-4156-a7d0-8d51ce03ec07', 
'282e2e60-88a5-469d-84a5-ba8d9151644f', 
'id', 
'system$changedby');
CREATE TABLE "xlsreport$mxsorting_mxxpath" (
	"xlsreport$mxsortingid" BIGINT NOT NULL,
	"xlsreport$mxxpathid" BIGINT NOT NULL,
	PRIMARY KEY("xlsreport$mxsortingid","xlsreport$mxxpathid"),
	CONSTRAINT "uniq_xlsreport$mxsorting_mxxpath_xlsreport$mxxpathid" UNIQUE ("xlsreport$mxxpathid"),
	CONSTRAINT "uniq_xlsreport$mxsorting_mxxpath_xlsreport$mxsortingid" UNIQUE ("xlsreport$mxsortingid"));
CREATE INDEX "idx_xlsreport$mxsorting_mxxpath_xlsreport$mxxpath_xlsreport$mxsorting" ON "xlsreport$mxsorting_mxxpath" ("xlsreport$mxxpathid" ASC,"xlsreport$mxsortingid" ASC);
INSERT INTO "mendixsystem$association" ("id", 
"association_name", 
"table_name", 
"parent_entity_id", 
"child_entity_id", 
"parent_column_name", 
"child_column_name", 
"index_name")
 VALUES ('b2ca94a6-d94d-4f7e-a81b-1d89bed6d78d', 
'XLSReport.MxSorting_MxXPath', 
'xlsreport$mxsorting_mxxpath', 
'560697af-8283-4156-a7d0-8d51ce03ec07', 
'd6b0a731-d1b6-4815-af40-fa429667b1c6', 
'xlsreport$mxsortingid', 
'xlsreport$mxxpathid', 
'idx_xlsreport$mxsorting_mxxpath_xlsreport$mxxpath_xlsreport$mxsorting');
INSERT INTO "mendixsystem$unique_constraint" ("name", 
"table_id", 
"column_id")
 VALUES ('uniq_xlsreport$mxsorting_mxxpath_xlsreport$mxxpathid', 
'b2ca94a6-d94d-4f7e-a81b-1d89bed6d78d', 
'935d62a5-1bf7-301b-9e7f-c37023c87086');
INSERT INTO "mendixsystem$unique_constraint" ("name", 
"table_id", 
"column_id")
 VALUES ('uniq_xlsreport$mxsorting_mxxpath_xlsreport$mxsortingid', 
'b2ca94a6-d94d-4f7e-a81b-1d89bed6d78d', 
'25714ebd-f3e9-3437-a43c-50dcce6c25c0');
CREATE TABLE "xlsreport$mxsorting_mxsheet" (
	"xlsreport$mxsortingid" BIGINT NOT NULL,
	"xlsreport$mxsheetid" BIGINT NOT NULL,
	PRIMARY KEY("xlsreport$mxsortingid","xlsreport$mxsheetid"),
	CONSTRAINT "uniq_xlsreport$mxsorting_mxsheet_xlsreport$mxsortingid" UNIQUE ("xlsreport$mxsortingid"));
CREATE INDEX "idx_xlsreport$mxsorting_mxsheet_xlsreport$mxsheet_xlsreport$mxsorting" ON "xlsreport$mxsorting_mxsheet" ("xlsreport$mxsheetid" ASC,"xlsreport$mxsortingid" ASC);
INSERT INTO "mendixsystem$association" ("id", 
"association_name", 
"table_name", 
"parent_entity_id", 
"child_entity_id", 
"parent_column_name", 
"child_column_name", 
"index_name")
 VALUES ('e192fb8e-b0f1-4bad-bd04-3f34baecc941', 
'XLSReport.MxSorting_MxSheet', 
'xlsreport$mxsorting_mxsheet', 
'560697af-8283-4156-a7d0-8d51ce03ec07', 
'e33a1aaf-12e2-4f07-b796-d1af1ea69fa2', 
'xlsreport$mxsortingid', 
'xlsreport$mxsheetid', 
'idx_xlsreport$mxsorting_mxsheet_xlsreport$mxsheet_xlsreport$mxsorting');
INSERT INTO "mendixsystem$unique_constraint" ("name", 
"table_id", 
"column_id")
 VALUES ('uniq_xlsreport$mxsorting_mxsheet_xlsreport$mxsortingid', 
'e192fb8e-b0f1-4bad-bd04-3f34baecc941', 
'5fd9d7f5-51e0-39f7-aaf2-29f68782fb81');
CREATE TABLE "excelimporter$templatedocument" (
	"id" BIGINT NOT NULL,
	PRIMARY KEY("id"));
INSERT INTO "mendixsystem$entity" ("id", 
"entity_name", 
"table_name", 
"superentity_id", 
"remote", 
"remote_primary_key")
 VALUES ('15c52f0d-db0e-4bbe-bc04-3a3cf59239b0', 
'ExcelImporter.TemplateDocument', 
'excelimporter$templatedocument', 
'170ce49d-f29c-4fac-99a6-b55e8a3aeb39', 
false, 
false);
CREATE TABLE "excelimporter$templatedocument_template" (
	"excelimporter$templatedocumentid" BIGINT NOT NULL,
	"excelimporter$templateid" BIGINT NOT NULL,
	PRIMARY KEY("excelimporter$templatedocumentid","excelimporter$templateid"),
	CONSTRAINT "uniq_excelimporter$templatedocument_template_excelimporter$templatedocumentid" UNIQUE ("excelimporter$templatedocumentid"));
CREATE INDEX "idx_excelimporter$templatedocument_template_excelimporter$template_excelimporter$templatedocument" ON "excelimporter$templatedocument_template" ("excelimporter$templateid" ASC,"excelimporter$templatedocumentid" ASC);
INSERT INTO "mendixsystem$association" ("id", 
"association_name", 
"table_name", 
"parent_entity_id", 
"child_entity_id", 
"parent_column_name", 
"child_column_name", 
"index_name")
 VALUES ('e430b667-dbf9-467d-9aa2-d82bd3dfd564', 
'ExcelImporter.TemplateDocument_Template', 
'excelimporter$templatedocument_template', 
'15c52f0d-db0e-4bbe-bc04-3a3cf59239b0', 
'8cf70e49-9e5a-44d0-ae51-ac431484ea40', 
'excelimporter$templatedocumentid', 
'excelimporter$templateid', 
'idx_excelimporter$templatedocument_template_excelimporter$template_excelimporter$templatedocument');
INSERT INTO "mendixsystem$unique_constraint" ("name", 
"table_id", 
"column_id")
 VALUES ('uniq_excelimporter$templatedocument_template_excelimporter$templatedocumentid', 
'e430b667-dbf9-467d-9aa2-d82bd3dfd564', 
'968b97c9-ef81-36d0-abb7-19caa7f4e101');
CREATE TABLE "xlsreport$mxdata" (
	"id" BIGINT NOT NULL,
	"name" VARCHAR_IGNORECASE(200) NULL,
	"status" VARCHAR_IGNORECASE(3) NULL,
	"createddate" TIMESTAMP NULL,
	"changeddate" TIMESTAMP NULL,
	"submetaobjectname" VARCHAR_IGNORECASE(255) NULL,
	"system$changedby" BIGINT NULL,
	"system$owner" BIGINT NULL,
	PRIMARY KEY("id"));
CREATE INDEX "idx_xlsreport$mxdata_submetaobjectname_asc" ON "xlsreport$mxdata" ("submetaobjectname" ASC,"id" ASC);
CREATE INDEX "idx_xlsreport$mxdata_system$changedby" ON "xlsreport$mxdata" ("system$changedby" ASC,"id" ASC);
CREATE INDEX "idx_xlsreport$mxdata_system$owner" ON "xlsreport$mxdata" ("system$owner" ASC,"id" ASC);
INSERT INTO "mendixsystem$entity" ("id", 
"entity_name", 
"table_name", 
"remote", 
"remote_primary_key")
 VALUES ('7926f523-9b23-489b-8215-b54dfc08ee95', 
'XLSReport.MxData', 
'xlsreport$mxdata', 
false, 
false);
INSERT INTO "mendixsystem$attribute" ("id", 
"entity_id", 
"attribute_name", 
"column_name", 
"type", 
"length", 
"default_value", 
"is_auto_number")
 VALUES ('a9e870d4-99ab-4526-af5d-2c68532c3b92', 
'7926f523-9b23-489b-8215-b54dfc08ee95', 
'Name', 
'name', 
30, 
200, 
'', 
false);
INSERT INTO "mendixsystem$attribute" ("id", 
"entity_id", 
"attribute_name", 
"column_name", 
"type", 
"length", 
"default_value", 
"is_auto_number")
 VALUES ('07b46e46-4587-443a-8c91-d12ae24fde52', 
'7926f523-9b23-489b-8215-b54dfc08ee95', 
'Status', 
'status', 
40, 
3, 
'No', 
false);
INSERT INTO "mendixsystem$attribute" ("id", 
"entity_id", 
"attribute_name", 
"column_name", 
"type", 
"length", 
"default_value", 
"is_auto_number")
 VALUES ('21057ec6-c5f3-3841-8d4c-b4bdddf0dd9c', 
'7926f523-9b23-489b-8215-b54dfc08ee95', 
'createdDate', 
'createddate', 
20, 
0, 
'', 
false);
INSERT INTO "mendixsystem$attribute" ("id", 
"entity_id", 
"attribute_name", 
"column_name", 
"type", 
"length", 
"default_value", 
"is_auto_number")
 VALUES ('22d57700-bded-3896-97b2-285df883684f', 
'7926f523-9b23-489b-8215-b54dfc08ee95', 
'changedDate', 
'changeddate', 
20, 
0, 
'', 
false);
INSERT INTO "mendixsystem$attribute" ("id", 
"entity_id", 
"attribute_name", 
"column_name", 
"type", 
"length", 
"default_value", 
"is_auto_number")
 VALUES ('b73a0c99-87f5-3b02-9914-0bf78a162f20', 
'7926f523-9b23-489b-8215-b54dfc08ee95', 
'submetaobjectname', 
'submetaobjectname', 
30, 
255, 
'XLSReport.MxData', 
false);
INSERT INTO "mendixsystem$index" ("id", 
"table_id", 
"index_name")
 VALUES ('989b214a-fd2f-3fcd-9498-84efd2116923', 
'7926f523-9b23-489b-8215-b54dfc08ee95', 
'idx_xlsreport$mxdata_submetaobjectname_asc');
INSERT INTO "mendixsystem$index_column" ("index_id", 
"column_id", 
"sort_order", 
"ordinal")
 VALUES ('989b214a-fd2f-3fcd-9498-84efd2116923', 
'b73a0c99-87f5-3b02-9914-0bf78a162f20', 
false, 
0);
INSERT INTO "mendixsystem$index" ("id", 
"table_id", 
"index_name")
 VALUES ('2ad8bfb6-e138-3cab-aeab-a32abcc6e626', 
'7926f523-9b23-489b-8215-b54dfc08ee95', 
'idx_xlsreport$mxdata_system$changedby');
INSERT INTO "mendixsystem$index_column" ("index_id", 
"column_id", 
"sort_order", 
"ordinal")
 VALUES ('2ad8bfb6-e138-3cab-aeab-a32abcc6e626', 
'82a54ec4-a611-3205-a17f-72c2d9cd0f25', 
false, 
0);
INSERT INTO "mendixsystem$index" ("id", 
"table_id", 
"index_name")
 VALUES ('254dd9d6-4018-3160-af75-033151410334', 
'7926f523-9b23-489b-8215-b54dfc08ee95', 
'idx_xlsreport$mxdata_system$owner');
INSERT INTO "mendixsystem$index_column" ("index_id", 
"column_id", 
"sort_order", 
"ordinal")
 VALUES ('254dd9d6-4018-3160-af75-033151410334', 
'6dcf9f69-d8f3-3611-83e1-8483a7b4745f', 
false, 
0);
INSERT INTO "mendixsystem$association" ("id", 
"association_name", 
"table_name", 
"parent_entity_id", 
"child_entity_id", 
"parent_column_name", 
"child_column_name")
 VALUES ('82a54ec4-a611-3205-a17f-72c2d9cd0f25', 
'System.changedBy', 
'system$changedby', 
'7926f523-9b23-489b-8215-b54dfc08ee95', 
'282e2e60-88a5-469d-84a5-ba8d9151644f', 
'id', 
'system$changedby');
INSERT INTO "mendixsystem$association" ("id", 
"association_name", 
"table_name", 
"parent_entity_id", 
"child_entity_id", 
"parent_column_name", 
"child_column_name")
 VALUES ('6dcf9f69-d8f3-3611-83e1-8483a7b4745f', 
'System.owner', 
'system$owner', 
'7926f523-9b23-489b-8215-b54dfc08ee95', 
'282e2e60-88a5-469d-84a5-ba8d9151644f', 
'id', 
'system$owner');
CREATE TABLE "xlsreport$mxdata_mxsheet" (
	"xlsreport$mxdataid" BIGINT NOT NULL,
	"xlsreport$mxsheetid" BIGINT NOT NULL,
	PRIMARY KEY("xlsreport$mxdataid","xlsreport$mxsheetid"),
	CONSTRAINT "uniq_xlsreport$mxdata_mxsheet_xlsreport$mxdataid" UNIQUE ("xlsreport$mxdataid"));
CREATE INDEX "idx_xlsreport$mxdata_mxsheet_xlsreport$mxsheet_xlsreport$mxdata" ON "xlsreport$mxdata_mxsheet" ("xlsreport$mxsheetid" ASC,"xlsreport$mxdataid" ASC);
INSERT INTO "mendixsystem$association" ("id", 
"association_name", 
"table_name", 
"parent_entity_id", 
"child_entity_id", 
"parent_column_name", 
"child_column_name", 
"index_name")
 VALUES ('5fe8ef83-c015-44ac-b413-6e074fae25a5', 
'XLSReport.MxData_MxSheet', 
'xlsreport$mxdata_mxsheet', 
'7926f523-9b23-489b-8215-b54dfc08ee95', 
'e33a1aaf-12e2-4f07-b796-d1af1ea69fa2', 
'xlsreport$mxdataid', 
'xlsreport$mxsheetid', 
'idx_xlsreport$mxdata_mxsheet_xlsreport$mxsheet_xlsreport$mxdata');
INSERT INTO "mendixsystem$unique_constraint" ("name", 
"table_id", 
"column_id")
 VALUES ('uniq_xlsreport$mxdata_mxsheet_xlsreport$mxdataid', 
'5fe8ef83-c015-44ac-b413-6e074fae25a5', 
'e35aa251-b283-35fe-ad02-6e4673181099');
CREATE TABLE "xlsreport$mxdata_mxcellstyle" (
	"xlsreport$mxdataid" BIGINT NOT NULL,
	"xlsreport$mxcellstyleid" BIGINT NOT NULL,
	PRIMARY KEY("xlsreport$mxdataid","xlsreport$mxcellstyleid"),
	CONSTRAINT "uniq_xlsreport$mxdata_mxcellstyle_xlsreport$mxdataid" UNIQUE ("xlsreport$mxdataid"));
CREATE INDEX "idx_xlsreport$mxdata_mxcellstyle_xlsreport$mxcellstyle_xlsreport$mxdata" ON "xlsreport$mxdata_mxcellstyle" ("xlsreport$mxcellstyleid" ASC,"xlsreport$mxdataid" ASC);
INSERT INTO "mendixsystem$association" ("id", 
"association_name", 
"table_name", 
"parent_entity_id", 
"child_entity_id", 
"parent_column_name", 
"child_column_name", 
"index_name")
 VALUES ('657d1f15-8e61-480f-b45d-ccfe294d6e23', 
'XLSReport.MxData_MxCellStyle', 
'xlsreport$mxdata_mxcellstyle', 
'7926f523-9b23-489b-8215-b54dfc08ee95', 
'dedbb487-d0cf-4d22-8e9c-e62f2b4d7bd2', 
'xlsreport$mxdataid', 
'xlsreport$mxcellstyleid', 
'idx_xlsreport$mxdata_mxcellstyle_xlsreport$mxcellstyle_xlsreport$mxdata');
INSERT INTO "mendixsystem$unique_constraint" ("name", 
"table_id", 
"column_id")
 VALUES ('uniq_xlsreport$mxdata_mxcellstyle_xlsreport$mxdataid', 
'657d1f15-8e61-480f-b45d-ccfe294d6e23', 
'176c79e2-e298-34c3-a9bd-39ef1881fd71');
CREATE TABLE "xlsreport$mxreferencehandling" (
	"id" BIGINT NOT NULL,
	"reference" VARCHAR_IGNORECASE(200) NULL,
	"jointype" VARCHAR_IGNORECASE(5) NULL,
	PRIMARY KEY("id"));
CREATE INDEX "idx_xlsreport$mxreferencehandling_reference_asc" ON "xlsreport$mxreferencehandling" ("reference" ASC,"id" ASC);
INSERT INTO "mendixsystem$entity" ("id", 
"entity_name", 
"table_name", 
"remote", 
"remote_primary_key")
 VALUES ('c16129b6-24ad-4c6b-a6d3-5a8f289e3eec', 
'XLSReport.MxReferenceHandling', 
'xlsreport$mxreferencehandling', 
false, 
false);
INSERT INTO "mendixsystem$attribute" ("id", 
"entity_id", 
"attribute_name", 
"column_name", 
"type", 
"length", 
"default_value", 
"is_auto_number")
 VALUES ('243663b0-5a71-4939-810b-5c9e0b23d494', 
'c16129b6-24ad-4c6b-a6d3-5a8f289e3eec', 
'Reference', 
'reference', 
30, 
200, 
'', 
false);
INSERT INTO "mendixsystem$attribute" ("id", 
"entity_id", 
"attribute_name", 
"column_name", 
"type", 
"length", 
"default_value", 
"is_auto_number")
 VALUES ('6a0a2224-46af-4b16-81cd-1d1fa4917315', 
'c16129b6-24ad-4c6b-a6d3-5a8f289e3eec', 
'JoinType', 
'jointype', 
40, 
5, 
'INNER', 
false);
INSERT INTO "mendixsystem$index" ("id", 
"table_id", 
"index_name")
 VALUES ('58e86718-70fa-4727-9384-80ca3e99da78', 
'c16129b6-24ad-4c6b-a6d3-5a8f289e3eec', 
'idx_xlsreport$mxreferencehandling_reference_asc');
INSERT INTO "mendixsystem$index_column" ("index_id", 
"column_id", 
"sort_order", 
"ordinal")
 VALUES ('58e86718-70fa-4727-9384-80ca3e99da78', 
'243663b0-5a71-4939-810b-5c9e0b23d494', 
false, 
0);
CREATE TABLE "xlsreport$mxreferencehandling_mxsheet" (
	"xlsreport$mxreferencehandlingid" BIGINT NOT NULL,
	"xlsreport$mxsheetid" BIGINT NOT NULL,
	PRIMARY KEY("xlsreport$mxreferencehandlingid","xlsreport$mxsheetid"),
	CONSTRAINT "uniq_xlsreport$mxreferencehandling_mxsheet_xlsreport$mxreferencehandlingid" UNIQUE ("xlsreport$mxreferencehandlingid"));
CREATE INDEX "idx_xlsreport$mxreferencehandling_mxsheet_xlsreport$mxsheet_xlsreport$mxreferencehandling" ON "xlsreport$mxreferencehandling_mxsheet" ("xlsreport$mxsheetid" ASC,"xlsreport$mxreferencehandlingid" ASC);
INSERT INTO "mendixsystem$association" ("id", 
"association_name", 
"table_name", 
"parent_entity_id", 
"child_entity_id", 
"parent_column_name", 
"child_column_name", 
"index_name")
 VALUES ('c45dd0ef-a9a8-4dd6-a534-538b0fd04f84', 
'XLSReport.MxReferenceHandling_MxSheet', 
'xlsreport$mxreferencehandling_mxsheet', 
'c16129b6-24ad-4c6b-a6d3-5a8f289e3eec', 
'e33a1aaf-12e2-4f07-b796-d1af1ea69fa2', 
'xlsreport$mxreferencehandlingid', 
'xlsreport$mxsheetid', 
'idx_xlsreport$mxreferencehandling_mxsheet_xlsreport$mxsheet_xlsreport$mxreferencehandling');
INSERT INTO "mendixsystem$unique_constraint" ("name", 
"table_id", 
"column_id")
 VALUES ('uniq_xlsreport$mxreferencehandling_mxsheet_xlsreport$mxreferencehandlingid', 
'c45dd0ef-a9a8-4dd6-a534-538b0fd04f84', 
'a83f42cb-8822-392b-9074-bd481bf2bbd8');
CREATE TABLE "xlsreport$customexcel" (
	"id" BIGINT NOT NULL,
	PRIMARY KEY("id"));
INSERT INTO "mendixsystem$entity" ("id", 
"entity_name", 
"table_name", 
"superentity_id", 
"remote", 
"remote_primary_key")
 VALUES ('4cd7035e-30fc-4d25-8198-72fabdd53684', 
'XLSReport.CustomExcel', 
'xlsreport$customexcel', 
'170ce49d-f29c-4fac-99a6-b55e8a3aeb39', 
false, 
false);
CREATE TABLE "xlsreport$mxrowsettings" (
	"id" BIGINT NOT NULL,
	"rowindex" INT NULL,
	"defaultheight" BOOLEAN NULL,
	"rowheight" INT NULL,
	"createddate" TIMESTAMP NULL,
	"changeddate" TIMESTAMP NULL,
	"system$owner" BIGINT NULL,
	"system$changedby" BIGINT NULL,
	PRIMARY KEY("id"));
CREATE INDEX "idx_xlsreport$mxrowsettings_system$owner" ON "xlsreport$mxrowsettings" ("system$owner" ASC,"id" ASC);
CREATE INDEX "idx_xlsreport$mxrowsettings_system$changedby" ON "xlsreport$mxrowsettings" ("system$changedby" ASC,"id" ASC);
INSERT INTO "mendixsystem$entity" ("id", 
"entity_name", 
"table_name", 
"remote", 
"remote_primary_key")
 VALUES ('a04eace0-d095-455a-a3e2-87c05e013b3f', 
'XLSReport.MxRowSettings', 
'xlsreport$mxrowsettings', 
false, 
false);
INSERT INTO "mendixsystem$attribute" ("id", 
"entity_id", 
"attribute_name", 
"column_name", 
"type", 
"length", 
"default_value", 
"is_auto_number")
 VALUES ('8ae52b75-34b7-49a3-9dd8-e5b9565ebe0e', 
'a04eace0-d095-455a-a3e2-87c05e013b3f', 
'RowIndex', 
'rowindex', 
3, 
0, 
'0', 
false);
INSERT INTO "mendixsystem$attribute" ("id", 
"entity_id", 
"attribute_name", 
"column_name", 
"type", 
"length", 
"default_value", 
"is_auto_number")
 VALUES ('f227e80a-bf30-4ce7-abf8-5b3d4a48a4d8', 
'a04eace0-d095-455a-a3e2-87c05e013b3f', 
'DefaultHeight', 
'defaultheight', 
10, 
0, 
'false', 
false);
INSERT INTO "mendixsystem$attribute" ("id", 
"entity_id", 
"attribute_name", 
"column_name", 
"type", 
"length", 
"default_value", 
"is_auto_number")
 VALUES ('69bad4be-8202-43b7-806e-22d16bac95af', 
'a04eace0-d095-455a-a3e2-87c05e013b3f', 
'RowHeight', 
'rowheight', 
3, 
0, 
'0', 
false);
INSERT INTO "mendixsystem$attribute" ("id", 
"entity_id", 
"attribute_name", 
"column_name", 
"type", 
"length", 
"default_value", 
"is_auto_number")
 VALUES ('9bed11ee-3170-373d-bf67-676a61628044', 
'a04eace0-d095-455a-a3e2-87c05e013b3f', 
'createdDate', 
'createddate', 
20, 
0, 
'', 
false);
INSERT INTO "mendixsystem$attribute" ("id", 
"entity_id", 
"attribute_name", 
"column_name", 
"type", 
"length", 
"default_value", 
"is_auto_number")
 VALUES ('3cfc77f3-45e6-329b-b203-b9029f18446b', 
'a04eace0-d095-455a-a3e2-87c05e013b3f', 
'changedDate', 
'changeddate', 
20, 
0, 
'', 
false);
INSERT INTO "mendixsystem$index" ("id", 
"table_id", 
"index_name")
 VALUES ('bd3d9309-5115-3825-a402-1992db25096d', 
'a04eace0-d095-455a-a3e2-87c05e013b3f', 
'idx_xlsreport$mxrowsettings_system$owner');
INSERT INTO "mendixsystem$index_column" ("index_id", 
"column_id", 
"sort_order", 
"ordinal")
 VALUES ('bd3d9309-5115-3825-a402-1992db25096d', 
'b573bda2-7176-3c54-a300-a3aa216265b4', 
false, 
0);
INSERT INTO "mendixsystem$index" ("id", 
"table_id", 
"index_name")
 VALUES ('9aa32ca2-3cc2-3359-8fb4-0214ce8d786e', 
'a04eace0-d095-455a-a3e2-87c05e013b3f', 
'idx_xlsreport$mxrowsettings_system$changedby');
INSERT INTO "mendixsystem$index_column" ("index_id", 
"column_id", 
"sort_order", 
"ordinal")
 VALUES ('9aa32ca2-3cc2-3359-8fb4-0214ce8d786e', 
'b86be5c4-2c8d-3a67-b9c5-aa02928fe9cb', 
false, 
0);
INSERT INTO "mendixsystem$association" ("id", 
"association_name", 
"table_name", 
"parent_entity_id", 
"child_entity_id", 
"parent_column_name", 
"child_column_name")
 VALUES ('b573bda2-7176-3c54-a300-a3aa216265b4', 
'System.owner', 
'system$owner', 
'a04eace0-d095-455a-a3e2-87c05e013b3f', 
'282e2e60-88a5-469d-84a5-ba8d9151644f', 
'id', 
'system$owner');
INSERT INTO "mendixsystem$association" ("id", 
"association_name", 
"table_name", 
"parent_entity_id", 
"child_entity_id", 
"parent_column_name", 
"child_column_name")
 VALUES ('b86be5c4-2c8d-3a67-b9c5-aa02928fe9cb', 
'System.changedBy', 
'system$changedby', 
'a04eace0-d095-455a-a3e2-87c05e013b3f', 
'282e2e60-88a5-469d-84a5-ba8d9151644f', 
'id', 
'system$changedby');
CREATE TABLE "xlsreport$mxrowsettings_mxsheet" (
	"xlsreport$mxrowsettingsid" BIGINT NOT NULL,
	"xlsreport$mxsheetid" BIGINT NOT NULL,
	PRIMARY KEY("xlsreport$mxrowsettingsid","xlsreport$mxsheetid"),
	CONSTRAINT "uniq_xlsreport$mxrowsettings_mxsheet_xlsreport$mxrowsettingsid" UNIQUE ("xlsreport$mxrowsettingsid"));
CREATE INDEX "idx_xlsreport$mxrowsettings_mxsheet_xlsreport$mxsheet_xlsreport$mxrowsettings" ON "xlsreport$mxrowsettings_mxsheet" ("xlsreport$mxsheetid" ASC,"xlsreport$mxrowsettingsid" ASC);
INSERT INTO "mendixsystem$association" ("id", 
"association_name", 
"table_name", 
"parent_entity_id", 
"child_entity_id", 
"parent_column_name", 
"child_column_name", 
"index_name")
 VALUES ('361ab034-be95-4fc5-9ffb-a64e3e66bc57', 
'XLSReport.MxRowSettings_MxSheet', 
'xlsreport$mxrowsettings_mxsheet', 
'a04eace0-d095-455a-a3e2-87c05e013b3f', 
'e33a1aaf-12e2-4f07-b796-d1af1ea69fa2', 
'xlsreport$mxrowsettingsid', 
'xlsreport$mxsheetid', 
'idx_xlsreport$mxrowsettings_mxsheet_xlsreport$mxsheet_xlsreport$mxrowsettings');
INSERT INTO "mendixsystem$unique_constraint" ("name", 
"table_id", 
"column_id")
 VALUES ('uniq_xlsreport$mxrowsettings_mxsheet_xlsreport$mxrowsettingsid', 
'361ab034-be95-4fc5-9ffb-a64e3e66bc57', 
'f08325a9-b8fa-3de5-b357-0998c64f9f27');
CREATE TABLE "excelimporter$log" (
	"id" BIGINT NOT NULL,
	"logline" VARCHAR_IGNORECASE(2147483647) NULL,
	"createddate" TIMESTAMP NULL,
	"changeddate" TIMESTAMP NULL,
	"system$owner" BIGINT NULL,
	"system$changedby" BIGINT NULL,
	PRIMARY KEY("id"));
CREATE INDEX "idx_excelimporter$log_system$owner" ON "excelimporter$log" ("system$owner" ASC,"id" ASC);
CREATE INDEX "idx_excelimporter$log_system$changedby" ON "excelimporter$log" ("system$changedby" ASC,"id" ASC);
INSERT INTO "mendixsystem$entity" ("id", 
"entity_name", 
"table_name", 
"remote", 
"remote_primary_key")
 VALUES ('8dfb09ab-d912-4748-9317-278588d8203d', 
'ExcelImporter.Log', 
'excelimporter$log', 
false, 
false);
INSERT INTO "mendixsystem$attribute" ("id", 
"entity_id", 
"attribute_name", 
"column_name", 
"type", 
"length", 
"default_value", 
"is_auto_number")
 VALUES ('d0ecf90d-abaa-46a3-940d-0e7e6c2ab46a', 
'8dfb09ab-d912-4748-9317-278588d8203d', 
'Logline', 
'logline', 
30, 
0, 
'', 
false);
INSERT INTO "mendixsystem$attribute" ("id", 
"entity_id", 
"attribute_name", 
"column_name", 
"type", 
"length", 
"default_value", 
"is_auto_number")
 VALUES ('0a84dfa8-7646-31cc-a95f-02848ebd1fa0', 
'8dfb09ab-d912-4748-9317-278588d8203d', 
'createdDate', 
'createddate', 
20, 
0, 
'', 
false);
INSERT INTO "mendixsystem$attribute" ("id", 
"entity_id", 
"attribute_name", 
"column_name", 
"type", 
"length", 
"default_value", 
"is_auto_number")
 VALUES ('c59a8d10-fa51-3635-9f05-960d28bedcef', 
'8dfb09ab-d912-4748-9317-278588d8203d', 
'changedDate', 
'changeddate', 
20, 
0, 
'', 
false);
INSERT INTO "mendixsystem$index" ("id", 
"table_id", 
"index_name")
 VALUES ('15713a66-a8b4-3d82-8a34-dbf3408ccfa7', 
'8dfb09ab-d912-4748-9317-278588d8203d', 
'idx_excelimporter$log_system$owner');
INSERT INTO "mendixsystem$index_column" ("index_id", 
"column_id", 
"sort_order", 
"ordinal")
 VALUES ('15713a66-a8b4-3d82-8a34-dbf3408ccfa7', 
'7267c9c5-9ddf-3414-9145-0561ccc5a732', 
false, 
0);
INSERT INTO "mendixsystem$index" ("id", 
"table_id", 
"index_name")
 VALUES ('7182585e-6f55-37f7-a786-11a3067e93f5', 
'8dfb09ab-d912-4748-9317-278588d8203d', 
'idx_excelimporter$log_system$changedby');
INSERT INTO "mendixsystem$index_column" ("index_id", 
"column_id", 
"sort_order", 
"ordinal")
 VALUES ('7182585e-6f55-37f7-a786-11a3067e93f5', 
'bbb856b4-3633-3108-817a-c748b24c5252', 
false, 
0);
INSERT INTO "mendixsystem$association" ("id", 
"association_name", 
"table_name", 
"parent_entity_id", 
"child_entity_id", 
"parent_column_name", 
"child_column_name")
 VALUES ('7267c9c5-9ddf-3414-9145-0561ccc5a732', 
'System.owner', 
'system$owner', 
'8dfb09ab-d912-4748-9317-278588d8203d', 
'282e2e60-88a5-469d-84a5-ba8d9151644f', 
'id', 
'system$owner');
INSERT INTO "mendixsystem$association" ("id", 
"association_name", 
"table_name", 
"parent_entity_id", 
"child_entity_id", 
"parent_column_name", 
"child_column_name")
 VALUES ('bbb856b4-3633-3108-817a-c748b24c5252', 
'System.changedBy', 
'system$changedby', 
'8dfb09ab-d912-4748-9317-278588d8203d', 
'282e2e60-88a5-469d-84a5-ba8d9151644f', 
'id', 
'system$changedby');
CREATE TABLE "excelimporter$log_xmldocumenttemplate" (
	"excelimporter$logid" BIGINT NOT NULL,
	"excelimporter$xmldocumenttemplateid" BIGINT NOT NULL,
	PRIMARY KEY("excelimporter$logid","excelimporter$xmldocumenttemplateid"),
	CONSTRAINT "uniq_excelimporter$log_xmldocumenttemplate_excelimporter$logid" UNIQUE ("excelimporter$logid"));
CREATE INDEX "idx_excelimporter$log_xmldocumenttemplate_excelimporter$xmldocumenttemplate_excelimporter$log" ON "excelimporter$log_xmldocumenttemplate" ("excelimporter$xmldocumenttemplateid" ASC,"excelimporter$logid" ASC);
INSERT INTO "mendixsystem$association" ("id", 
"association_name", 
"table_name", 
"parent_entity_id", 
"child_entity_id", 
"parent_column_name", 
"child_column_name", 
"index_name")
 VALUES ('56abcb61-ece3-4e64-bbe5-69e840f6dbef', 
'ExcelImporter.Log_XMLDocumentTemplate', 
'excelimporter$log_xmldocumenttemplate', 
'8dfb09ab-d912-4748-9317-278588d8203d', 
'c8281b90-d665-499a-9e36-bf9bc8030c6a', 
'excelimporter$logid', 
'excelimporter$xmldocumenttemplateid', 
'idx_excelimporter$log_xmldocumenttemplate_excelimporter$xmldocumenttemplate_excelimporter$log');
INSERT INTO "mendixsystem$unique_constraint" ("name", 
"table_id", 
"column_id")
 VALUES ('uniq_excelimporter$log_xmldocumenttemplate_excelimporter$logid', 
'56abcb61-ece3-4e64-bbe5-69e840f6dbef', 
'1a52b3cf-abcb-3c6e-9ea6-0d64780fe441');
CREATE TABLE "xlsreport$mxtemplate" (
	"id" BIGINT NOT NULL,
	"templateid" BIGINT NULL,
	"name" VARCHAR_IGNORECASE(200) NULL,
	"description" VARCHAR_IGNORECASE(2147483647) NULL,
	"documenttype" VARCHAR_IGNORECASE(4) NULL,
	"csvseparator" VARCHAR_IGNORECASE(9) NULL,
	"datetimepresentation" VARCHAR_IGNORECASE(12) NULL,
	"customedateformat" VARCHAR_IGNORECASE(200) NULL,
	"createddate" TIMESTAMP NULL,
	"changeddate" TIMESTAMP NULL,
	"system$changedby" BIGINT NULL,
	"system$owner" BIGINT NULL,
	PRIMARY KEY("id"));
CREATE SEQUENCE "xlsreport$mxtemplate_templateid_mxseq" AS BIGINT START WITH 1;
CREATE INDEX "idx_xlsreport$mxtemplate_system$changedby" ON "xlsreport$mxtemplate" ("system$changedby" ASC,"id" ASC);
CREATE INDEX "idx_xlsreport$mxtemplate_system$owner" ON "xlsreport$mxtemplate" ("system$owner" ASC,"id" ASC);
INSERT INTO "mendixsystem$entity" ("id", 
"entity_name", 
"table_name", 
"remote", 
"remote_primary_key")
 VALUES ('019c86dd-17af-4941-864d-295e0f7f34ab', 
'XLSReport.MxTemplate', 
'xlsreport$mxtemplate', 
false, 
false);
INSERT INTO "mendixsystem$attribute" ("id", 
"entity_id", 
"attribute_name", 
"column_name", 
"type", 
"length", 
"default_value", 
"is_auto_number")
 VALUES ('f9682ffc-c955-4dee-b9ac-357b7ab9a39a', 
'019c86dd-17af-4941-864d-295e0f7f34ab', 
'TemplateID', 
'templateid', 
0, 
0, 
'1', 
true);
INSERT INTO "mendixsystem$sequence" ("attribute_id", 
"name", 
"start_value", 
"current_value")
 VALUES ('f9682ffc-c955-4dee-b9ac-357b7ab9a39a', 
'xlsreport$mxtemplate_templateid_mxseq', 
1, 
0);
INSERT INTO "mendixsystem$attribute" ("id", 
"entity_id", 
"attribute_name", 
"column_name", 
"type", 
"length", 
"default_value", 
"is_auto_number")
 VALUES ('ccbde6b4-6a56-4ccf-84c8-48a8b8f2881d', 
'019c86dd-17af-4941-864d-295e0f7f34ab', 
'Name', 
'name', 
30, 
200, 
'', 
false);
INSERT INTO "mendixsystem$attribute" ("id", 
"entity_id", 
"attribute_name", 
"column_name", 
"type", 
"length", 
"default_value", 
"is_auto_number")
 VALUES ('74b5f8f3-d7e8-4dda-b242-7cd368b958fe', 
'019c86dd-17af-4941-864d-295e0f7f34ab', 
'Description', 
'description', 
30, 
0, 
'', 
false);
INSERT INTO "mendixsystem$attribute" ("id", 
"entity_id", 
"attribute_name", 
"column_name", 
"type", 
"length", 
"default_value", 
"is_auto_number")
 VALUES ('d2677a12-70af-40de-82b1-7d207cd84ed5', 
'019c86dd-17af-4941-864d-295e0f7f34ab', 
'DocumentType', 
'documenttype', 
40, 
4, 
'XLS', 
false);
INSERT INTO "mendixsystem$attribute" ("id", 
"entity_id", 
"attribute_name", 
"column_name", 
"type", 
"length", 
"default_value", 
"is_auto_number")
 VALUES ('34c113bc-b80d-427a-896b-ffd7bdc90cf0', 
'019c86dd-17af-4941-864d-295e0f7f34ab', 
'CSVSeparator', 
'csvseparator', 
40, 
9, 
'', 
false);
INSERT INTO "mendixsystem$attribute" ("id", 
"entity_id", 
"attribute_name", 
"column_name", 
"type", 
"length", 
"default_value", 
"is_auto_number")
 VALUES ('ebbd4738-2691-4a74-975c-f39c26bee66e', 
'019c86dd-17af-4941-864d-295e0f7f34ab', 
'DateTimePresentation', 
'datetimepresentation', 
40, 
12, 
'', 
false);
INSERT INTO "mendixsystem$attribute" ("id", 
"entity_id", 
"attribute_name", 
"column_name", 
"type", 
"length", 
"default_value", 
"is_auto_number")
 VALUES ('1076ba5c-db08-4411-80d3-e2f088730148', 
'019c86dd-17af-4941-864d-295e0f7f34ab', 
'CustomeDateFormat', 
'customedateformat', 
30, 
200, 
'', 
false);
INSERT INTO "mendixsystem$attribute" ("id", 
"entity_id", 
"attribute_name", 
"column_name", 
"type", 
"length", 
"default_value", 
"is_auto_number")
 VALUES ('d9b80134-8b88-3ef0-9a4a-c154d570c30d', 
'019c86dd-17af-4941-864d-295e0f7f34ab', 
'createdDate', 
'createddate', 
20, 
0, 
'', 
false);
INSERT INTO "mendixsystem$attribute" ("id", 
"entity_id", 
"attribute_name", 
"column_name", 
"type", 
"length", 
"default_value", 
"is_auto_number")
 VALUES ('693dddcc-85fa-3bca-befb-99957715c9c1', 
'019c86dd-17af-4941-864d-295e0f7f34ab', 
'changedDate', 
'changeddate', 
20, 
0, 
'', 
false);
INSERT INTO "mendixsystem$index" ("id", 
"table_id", 
"index_name")
 VALUES ('40555911-6e43-350d-840c-d0b6f3d1733c', 
'019c86dd-17af-4941-864d-295e0f7f34ab', 
'idx_xlsreport$mxtemplate_system$changedby');
INSERT INTO "mendixsystem$index_column" ("index_id", 
"column_id", 
"sort_order", 
"ordinal")
 VALUES ('40555911-6e43-350d-840c-d0b6f3d1733c', 
'585eaedf-b118-3bcf-a97e-4f50a4be5130', 
false, 
0);
INSERT INTO "mendixsystem$index" ("id", 
"table_id", 
"index_name")
 VALUES ('6b362b27-ccb2-3a54-933d-4aa5a51ce782', 
'019c86dd-17af-4941-864d-295e0f7f34ab', 
'idx_xlsreport$mxtemplate_system$owner');
INSERT INTO "mendixsystem$index_column" ("index_id", 
"column_id", 
"sort_order", 
"ordinal")
 VALUES ('6b362b27-ccb2-3a54-933d-4aa5a51ce782', 
'c108e2cd-fd96-3628-a8e8-11a7e7ad394e', 
false, 
0);
INSERT INTO "mendixsystem$association" ("id", 
"association_name", 
"table_name", 
"parent_entity_id", 
"child_entity_id", 
"parent_column_name", 
"child_column_name")
 VALUES ('585eaedf-b118-3bcf-a97e-4f50a4be5130', 
'System.changedBy', 
'system$changedby', 
'019c86dd-17af-4941-864d-295e0f7f34ab', 
'282e2e60-88a5-469d-84a5-ba8d9151644f', 
'id', 
'system$changedby');
INSERT INTO "mendixsystem$association" ("id", 
"association_name", 
"table_name", 
"parent_entity_id", 
"child_entity_id", 
"parent_column_name", 
"child_column_name")
 VALUES ('c108e2cd-fd96-3628-a8e8-11a7e7ad394e', 
'System.owner', 
'system$owner', 
'019c86dd-17af-4941-864d-295e0f7f34ab', 
'282e2e60-88a5-469d-84a5-ba8d9151644f', 
'id', 
'system$owner');
CREATE TABLE "xlsreport$mxtemplate_inputobject" (
	"xlsreport$mxtemplateid" BIGINT NOT NULL,
	"mxmodelreflection$mxobjecttypeid" BIGINT NOT NULL,
	PRIMARY KEY("xlsreport$mxtemplateid","mxmodelreflection$mxobjecttypeid"),
	CONSTRAINT "uniq_xlsreport$mxtemplate_inputobject_xlsreport$mxtemplateid" UNIQUE ("xlsreport$mxtemplateid"));
CREATE INDEX "idx_xlsreport$mxtemplate_inputobject_mxmodelreflection$mxobjecttype_xlsreport$mxtemplate" ON "xlsreport$mxtemplate_inputobject" ("mxmodelreflection$mxobjecttypeid" ASC,"xlsreport$mxtemplateid" ASC);
INSERT INTO "mendixsystem$association" ("id", 
"association_name", 
"table_name", 
"parent_entity_id", 
"child_entity_id", 
"parent_column_name", 
"child_column_name", 
"index_name")
 VALUES ('fa819581-e600-45b6-837f-be36678e724f', 
'XLSReport.MxTemplate_InputObject', 
'xlsreport$mxtemplate_inputobject', 
'019c86dd-17af-4941-864d-295e0f7f34ab', 
'2750feee-09aa-4b3a-abdc-807f553d0c73', 
'xlsreport$mxtemplateid', 
'mxmodelreflection$mxobjecttypeid', 
'idx_xlsreport$mxtemplate_inputobject_mxmodelreflection$mxobjecttype_xlsreport$mxtemplate');
INSERT INTO "mendixsystem$unique_constraint" ("name", 
"table_id", 
"column_id")
 VALUES ('uniq_xlsreport$mxtemplate_inputobject_xlsreport$mxtemplateid', 
'fa819581-e600-45b6-837f-be36678e724f', 
'7d7d020f-b02e-3108-90f4-ebd84b3e837e');
CREATE TABLE "xlsreport$mxtemplate_customexcel" (
	"xlsreport$mxtemplateid" BIGINT NOT NULL,
	"xlsreport$customexcelid" BIGINT NOT NULL,
	PRIMARY KEY("xlsreport$mxtemplateid","xlsreport$customexcelid"),
	CONSTRAINT "uniq_xlsreport$mxtemplate_customexcel_xlsreport$mxtemplateid" UNIQUE ("xlsreport$mxtemplateid"));
CREATE INDEX "idx_xlsreport$mxtemplate_customexcel_xlsreport$customexcel_xlsreport$mxtemplate" ON "xlsreport$mxtemplate_customexcel" ("xlsreport$customexcelid" ASC,"xlsreport$mxtemplateid" ASC);
INSERT INTO "mendixsystem$association" ("id", 
"association_name", 
"table_name", 
"parent_entity_id", 
"child_entity_id", 
"parent_column_name", 
"child_column_name", 
"index_name")
 VALUES ('3e92b82d-a4e1-4ad2-8ccd-3c61f1737b01', 
'XLSReport.MxTemplate_CustomExcel', 
'xlsreport$mxtemplate_customexcel', 
'019c86dd-17af-4941-864d-295e0f7f34ab', 
'4cd7035e-30fc-4d25-8198-72fabdd53684', 
'xlsreport$mxtemplateid', 
'xlsreport$customexcelid', 
'idx_xlsreport$mxtemplate_customexcel_xlsreport$customexcel_xlsreport$mxtemplate');
INSERT INTO "mendixsystem$unique_constraint" ("name", 
"table_id", 
"column_id")
 VALUES ('uniq_xlsreport$mxtemplate_customexcel_xlsreport$mxtemplateid', 
'3e92b82d-a4e1-4ad2-8ccd-3c61f1737b01', 
'0ce1ed93-751c-354d-869b-dbba6ea5ba45');
CREATE TABLE "xlsreport$mxcellstyle" (
	"id" BIGINT NOT NULL,
	"name" VARCHAR_IGNORECASE(200) NULL,
	"textbold" BOOLEAN NULL,
	"textitalic" BOOLEAN NULL,
	"textunderline" BOOLEAN NULL,
	"textalignment" VARCHAR_IGNORECASE(6) NULL,
	"textverticalalignment" VARCHAR_IGNORECASE(6) NULL,
	"textcolor" VARCHAR_IGNORECASE(10) NULL,
	"textheight" INT NULL,
	"backgroundcolor" VARCHAR_IGNORECASE(10) NULL,
	"textrotation" INT NULL,
	"wraptext" BOOLEAN NULL,
	"bordertop" INT NULL,
	"borderbottom" INT NULL,
	"borderleft" INT NULL,
	"borderright" INT NULL,
	"bordercolor" VARCHAR_IGNORECASE(10) NULL,
	"format" VARCHAR_IGNORECASE(7) NULL,
	"decimalplaces" INT NULL,
	"createddate" TIMESTAMP NULL,
	"changeddate" TIMESTAMP NULL,
	"system$changedby" BIGINT NULL,
	"system$owner" BIGINT NULL,
	PRIMARY KEY("id"));
CREATE INDEX "idx_xlsreport$mxcellstyle_system$changedby" ON "xlsreport$mxcellstyle" ("system$changedby" ASC,"id" ASC);
CREATE INDEX "idx_xlsreport$mxcellstyle_system$owner" ON "xlsreport$mxcellstyle" ("system$owner" ASC,"id" ASC);
INSERT INTO "mendixsystem$entity" ("id", 
"entity_name", 
"table_name", 
"remote", 
"remote_primary_key")
 VALUES ('dedbb487-d0cf-4d22-8e9c-e62f2b4d7bd2', 
'XLSReport.MxCellStyle', 
'xlsreport$mxcellstyle', 
false, 
false);
INSERT INTO "mendixsystem$attribute" ("id", 
"entity_id", 
"attribute_name", 
"column_name", 
"type", 
"length", 
"default_value", 
"is_auto_number")
 VALUES ('921ec5d3-0553-451b-9bad-6af7bc3f06f9', 
'dedbb487-d0cf-4d22-8e9c-e62f2b4d7bd2', 
'Name', 
'name', 
30, 
200, 
'', 
false);
INSERT INTO "mendixsystem$attribute" ("id", 
"entity_id", 
"attribute_name", 
"column_name", 
"type", 
"length", 
"default_value", 
"is_auto_number")
 VALUES ('5e41942e-8d2e-4b99-bfbc-c274d43d31c3', 
'dedbb487-d0cf-4d22-8e9c-e62f2b4d7bd2', 
'TextBold', 
'textbold', 
10, 
0, 
'false', 
false);
INSERT INTO "mendixsystem$attribute" ("id", 
"entity_id", 
"attribute_name", 
"column_name", 
"type", 
"length", 
"default_value", 
"is_auto_number")
 VALUES ('2f58d636-3a18-4618-b10f-4bf61a61f73f', 
'dedbb487-d0cf-4d22-8e9c-e62f2b4d7bd2', 
'TextItalic', 
'textitalic', 
10, 
0, 
'false', 
false);
INSERT INTO "mendixsystem$attribute" ("id", 
"entity_id", 
"attribute_name", 
"column_name", 
"type", 
"length", 
"default_value", 
"is_auto_number")
 VALUES ('b5da779b-5c67-4997-bbfd-b64b63944b37', 
'dedbb487-d0cf-4d22-8e9c-e62f2b4d7bd2', 
'TextUnderline', 
'textunderline', 
10, 
0, 
'false', 
false);
INSERT INTO "mendixsystem$attribute" ("id", 
"entity_id", 
"attribute_name", 
"column_name", 
"type", 
"length", 
"default_value", 
"is_auto_number")
 VALUES ('2f628bef-ff79-4e4e-a2be-3fb5d50b06ef', 
'dedbb487-d0cf-4d22-8e9c-e62f2b4d7bd2', 
'TextAlignment', 
'textalignment', 
40, 
6, 
'', 
false);
INSERT INTO "mendixsystem$attribute" ("id", 
"entity_id", 
"attribute_name", 
"column_name", 
"type", 
"length", 
"default_value", 
"is_auto_number")
 VALUES ('e9ff50cf-d9a9-49cf-9697-e9c231b294db', 
'dedbb487-d0cf-4d22-8e9c-e62f2b4d7bd2', 
'TextVerticalalignment', 
'textverticalalignment', 
40, 
6, 
'', 
false);
INSERT INTO "mendixsystem$attribute" ("id", 
"entity_id", 
"attribute_name", 
"column_name", 
"type", 
"length", 
"default_value", 
"is_auto_number")
 VALUES ('d2ebefd2-0f4a-404d-9228-de6b18c21b06', 
'dedbb487-d0cf-4d22-8e9c-e62f2b4d7bd2', 
'TextColor', 
'textcolor', 
40, 
10, 
'Black', 
false);
INSERT INTO "mendixsystem$attribute" ("id", 
"entity_id", 
"attribute_name", 
"column_name", 
"type", 
"length", 
"default_value", 
"is_auto_number")
 VALUES ('f35d87ad-3a02-496a-bd81-d11bb1096cef', 
'dedbb487-d0cf-4d22-8e9c-e62f2b4d7bd2', 
'TextHeight', 
'textheight', 
3, 
0, 
'10', 
false);
INSERT INTO "mendixsystem$attribute" ("id", 
"entity_id", 
"attribute_name", 
"column_name", 
"type", 
"length", 
"default_value", 
"is_auto_number")
 VALUES ('cefb037d-479f-40be-b147-093951f9b840', 
'dedbb487-d0cf-4d22-8e9c-e62f2b4d7bd2', 
'BackgroundColor', 
'backgroundcolor', 
40, 
10, 
'Blank', 
false);
INSERT INTO "mendixsystem$attribute" ("id", 
"entity_id", 
"attribute_name", 
"column_name", 
"type", 
"length", 
"default_value", 
"is_auto_number")
 VALUES ('52c07730-d650-4e7a-9c3f-e2ca8cc44562', 
'dedbb487-d0cf-4d22-8e9c-e62f2b4d7bd2', 
'TextRotation', 
'textrotation', 
3, 
0, 
'0', 
false);
INSERT INTO "mendixsystem$attribute" ("id", 
"entity_id", 
"attribute_name", 
"column_name", 
"type", 
"length", 
"default_value", 
"is_auto_number")
 VALUES ('d10d8edf-2c02-4faf-b64e-8aa6f89f6de3', 
'dedbb487-d0cf-4d22-8e9c-e62f2b4d7bd2', 
'WrapText', 
'wraptext', 
10, 
0, 
'true', 
false);
INSERT INTO "mendixsystem$attribute" ("id", 
"entity_id", 
"attribute_name", 
"column_name", 
"type", 
"length", 
"default_value", 
"is_auto_number")
 VALUES ('0e316d50-5b15-4e46-8ee9-bbbd89d71617', 
'dedbb487-d0cf-4d22-8e9c-e62f2b4d7bd2', 
'BorderTop', 
'bordertop', 
3, 
0, 
'0', 
false);
INSERT INTO "mendixsystem$attribute" ("id", 
"entity_id", 
"attribute_name", 
"column_name", 
"type", 
"length", 
"default_value", 
"is_auto_number")
 VALUES ('37a5fc2d-483e-46d6-93d6-2bbd08abb369', 
'dedbb487-d0cf-4d22-8e9c-e62f2b4d7bd2', 
'BorderBottom', 
'borderbottom', 
3, 
0, 
'0', 
false);
INSERT INTO "mendixsystem$attribute" ("id", 
"entity_id", 
"attribute_name", 
"column_name", 
"type", 
"length", 
"default_value", 
"is_auto_number")
 VALUES ('a006cd07-39d2-420e-a264-44cea71c081f', 
'dedbb487-d0cf-4d22-8e9c-e62f2b4d7bd2', 
'BorderLeft', 
'borderleft', 
3, 
0, 
'0', 
false);
INSERT INTO "mendixsystem$attribute" ("id", 
"entity_id", 
"attribute_name", 
"column_name", 
"type", 
"length", 
"default_value", 
"is_auto_number")
 VALUES ('60cd1091-e2be-4b6d-a4ef-270fc23fa5eb', 
'dedbb487-d0cf-4d22-8e9c-e62f2b4d7bd2', 
'BorderRight', 
'borderright', 
3, 
0, 
'0', 
false);
INSERT INTO "mendixsystem$attribute" ("id", 
"entity_id", 
"attribute_name", 
"column_name", 
"type", 
"length", 
"default_value", 
"is_auto_number")
 VALUES ('c6ef9f0d-4136-4f78-9448-3d567f1d1aad', 
'dedbb487-d0cf-4d22-8e9c-e62f2b4d7bd2', 
'BorderColor', 
'bordercolor', 
40, 
10, 
'Blank', 
false);
INSERT INTO "mendixsystem$attribute" ("id", 
"entity_id", 
"attribute_name", 
"column_name", 
"type", 
"length", 
"default_value", 
"is_auto_number")
 VALUES ('7299e8c9-9cae-489f-a333-7c13a8c4d9e2', 
'dedbb487-d0cf-4d22-8e9c-e62f2b4d7bd2', 
'Format', 
'format', 
40, 
7, 
'General', 
false);
INSERT INTO "mendixsystem$attribute" ("id", 
"entity_id", 
"attribute_name", 
"column_name", 
"type", 
"length", 
"default_value", 
"is_auto_number")
 VALUES ('87fa3de2-f220-4d32-b81f-12464fb14442', 
'dedbb487-d0cf-4d22-8e9c-e62f2b4d7bd2', 
'DecimalPlaces', 
'decimalplaces', 
3, 
0, 
'0', 
false);
INSERT INTO "mendixsystem$attribute" ("id", 
"entity_id", 
"attribute_name", 
"column_name", 
"type", 
"length", 
"default_value", 
"is_auto_number")
 VALUES ('e7e78299-25e7-3a06-b611-ffb9cf5852f9', 
'dedbb487-d0cf-4d22-8e9c-e62f2b4d7bd2', 
'createdDate', 
'createddate', 
20, 
0, 
'', 
false);
INSERT INTO "mendixsystem$attribute" ("id", 
"entity_id", 
"attribute_name", 
"column_name", 
"type", 
"length", 
"default_value", 
"is_auto_number")
 VALUES ('4846caa8-6c73-3158-80b3-964bb2aa734c', 
'dedbb487-d0cf-4d22-8e9c-e62f2b4d7bd2', 
'changedDate', 
'changeddate', 
20, 
0, 
'', 
false);
INSERT INTO "mendixsystem$index" ("id", 
"table_id", 
"index_name")
 VALUES ('ca62a9f4-1ef6-315d-9f4f-d076f62a5882', 
'dedbb487-d0cf-4d22-8e9c-e62f2b4d7bd2', 
'idx_xlsreport$mxcellstyle_system$changedby');
INSERT INTO "mendixsystem$index_column" ("index_id", 
"column_id", 
"sort_order", 
"ordinal")
 VALUES ('ca62a9f4-1ef6-315d-9f4f-d076f62a5882', 
'7163018f-074c-35bc-bd69-f91681036d6b', 
false, 
0);
INSERT INTO "mendixsystem$index" ("id", 
"table_id", 
"index_name")
 VALUES ('cb292d44-266d-357f-8825-0eafd72c872b', 
'dedbb487-d0cf-4d22-8e9c-e62f2b4d7bd2', 
'idx_xlsreport$mxcellstyle_system$owner');
INSERT INTO "mendixsystem$index_column" ("index_id", 
"column_id", 
"sort_order", 
"ordinal")
 VALUES ('cb292d44-266d-357f-8825-0eafd72c872b', 
'b4a7fe15-f4fd-3949-bbf0-a7e5d45bdf60', 
false, 
0);
INSERT INTO "mendixsystem$association" ("id", 
"association_name", 
"table_name", 
"parent_entity_id", 
"child_entity_id", 
"parent_column_name", 
"child_column_name")
 VALUES ('7163018f-074c-35bc-bd69-f91681036d6b', 
'System.changedBy', 
'system$changedby', 
'dedbb487-d0cf-4d22-8e9c-e62f2b4d7bd2', 
'282e2e60-88a5-469d-84a5-ba8d9151644f', 
'id', 
'system$changedby');
INSERT INTO "mendixsystem$association" ("id", 
"association_name", 
"table_name", 
"parent_entity_id", 
"child_entity_id", 
"parent_column_name", 
"child_column_name")
 VALUES ('b4a7fe15-f4fd-3949-bbf0-a7e5d45bdf60', 
'System.owner', 
'system$owner', 
'dedbb487-d0cf-4d22-8e9c-e62f2b4d7bd2', 
'282e2e60-88a5-469d-84a5-ba8d9151644f', 
'id', 
'system$owner');
CREATE TABLE "xlsreport$mxcellstyle_template" (
	"xlsreport$mxcellstyleid" BIGINT NOT NULL,
	"xlsreport$mxtemplateid" BIGINT NOT NULL,
	PRIMARY KEY("xlsreport$mxcellstyleid","xlsreport$mxtemplateid"),
	CONSTRAINT "uniq_xlsreport$mxcellstyle_template_xlsreport$mxcellstyleid" UNIQUE ("xlsreport$mxcellstyleid"));
CREATE INDEX "idx_xlsreport$mxcellstyle_template_xlsreport$mxtemplate_xlsreport$mxcellstyle" ON "xlsreport$mxcellstyle_template" ("xlsreport$mxtemplateid" ASC,"xlsreport$mxcellstyleid" ASC);
INSERT INTO "mendixsystem$association" ("id", 
"association_name", 
"table_name", 
"parent_entity_id", 
"child_entity_id", 
"parent_column_name", 
"child_column_name", 
"index_name")
 VALUES ('aedfc5ac-d485-4949-b9d7-6025c73b0cfd', 
'XLSReport.MxCellStyle_Template', 
'xlsreport$mxcellstyle_template', 
'dedbb487-d0cf-4d22-8e9c-e62f2b4d7bd2', 
'019c86dd-17af-4941-864d-295e0f7f34ab', 
'xlsreport$mxcellstyleid', 
'xlsreport$mxtemplateid', 
'idx_xlsreport$mxcellstyle_template_xlsreport$mxtemplate_xlsreport$mxcellstyle');
INSERT INTO "mendixsystem$unique_constraint" ("name", 
"table_id", 
"column_id")
 VALUES ('uniq_xlsreport$mxcellstyle_template_xlsreport$mxcellstyleid', 
'aedfc5ac-d485-4949-b9d7-6025c73b0cfd', 
'16ea67c8-692a-3afb-8045-2c7a387ce676');
CREATE TABLE "excelimporter$xmldocumenttemplate" (
	"id" BIGINT NOT NULL,
	PRIMARY KEY("id"));
INSERT INTO "mendixsystem$entity" ("id", 
"entity_name", 
"table_name", 
"superentity_id", 
"remote", 
"remote_primary_key")
 VALUES ('c8281b90-d665-499a-9e36-bf9bc8030c6a', 
'ExcelImporter.XMLDocumentTemplate', 
'excelimporter$xmldocumenttemplate', 
'170ce49d-f29c-4fac-99a6-b55e8a3aeb39', 
false, 
false);
CREATE TABLE "excelimporter$xmldocumenttemplate_template" (
	"excelimporter$xmldocumenttemplateid" BIGINT NOT NULL,
	"excelimporter$templateid" BIGINT NOT NULL,
	PRIMARY KEY("excelimporter$xmldocumenttemplateid","excelimporter$templateid"),
	CONSTRAINT "uniq_excelimporter$xmldocumenttemplate_template_excelimporter$xmldocumenttemplateid" UNIQUE ("excelimporter$xmldocumenttemplateid"));
CREATE INDEX "idx_excelimporter$xmldocumenttemplate_template_excelimporter$template_excelimporter$xmldocumenttemplate" ON "excelimporter$xmldocumenttemplate_template" ("excelimporter$templateid" ASC,"excelimporter$xmldocumenttemplateid" ASC);
INSERT INTO "mendixsystem$association" ("id", 
"association_name", 
"table_name", 
"parent_entity_id", 
"child_entity_id", 
"parent_column_name", 
"child_column_name", 
"index_name")
 VALUES ('996849c2-84b5-4d5d-b031-b1a37aa7c5ea', 
'ExcelImporter.XMLDocumentTemplate_Template', 
'excelimporter$xmldocumenttemplate_template', 
'c8281b90-d665-499a-9e36-bf9bc8030c6a', 
'8cf70e49-9e5a-44d0-ae51-ac431484ea40', 
'excelimporter$xmldocumenttemplateid', 
'excelimporter$templateid', 
'idx_excelimporter$xmldocumenttemplate_template_excelimporter$template_excelimporter$xmldocumenttemplate');
INSERT INTO "mendixsystem$unique_constraint" ("name", 
"table_id", 
"column_id")
 VALUES ('uniq_excelimporter$xmldocumenttemplate_template_excelimporter$xmldocumenttemplateid', 
'996849c2-84b5-4d5d-b031-b1a37aa7c5ea', 
'acb4122a-3bb7-327f-b7a2-f51079a7c028');
CREATE TABLE "excelimporter$template" (
	"id" BIGINT NOT NULL,
	"nr" BIGINT NULL,
	"title" VARCHAR_IGNORECASE(50) NULL,
	"description" VARCHAR_IGNORECASE(2147483647) NULL,
	"sheetindex" INT NULL,
	"headerrownumber" INT NULL,
	"firstdatarownumber" INT NULL,
	"status" VARCHAR_IGNORECASE(7) NULL,
	"importaction" VARCHAR_IGNORECASE(23) NULL,
	"templatetype" VARCHAR_IGNORECASE(6) NULL,
	"createddate" TIMESTAMP NULL,
	"changeddate" TIMESTAMP NULL,
	"system$changedby" BIGINT NULL,
	"system$owner" BIGINT NULL,
	PRIMARY KEY("id"));
CREATE SEQUENCE "excelimporter$template_nr_mxseq" AS BIGINT START WITH 1;
CREATE INDEX "idx_excelimporter$template_system$changedby" ON "excelimporter$template" ("system$changedby" ASC,"id" ASC);
CREATE INDEX "idx_excelimporter$template_system$owner" ON "excelimporter$template" ("system$owner" ASC,"id" ASC);
INSERT INTO "mendixsystem$entity" ("id", 
"entity_name", 
"table_name", 
"remote", 
"remote_primary_key")
 VALUES ('8cf70e49-9e5a-44d0-ae51-ac431484ea40', 
'ExcelImporter.Template', 
'excelimporter$template', 
false, 
false);
INSERT INTO "mendixsystem$attribute" ("id", 
"entity_id", 
"attribute_name", 
"column_name", 
"type", 
"length", 
"default_value", 
"is_auto_number")
 VALUES ('0a19d055-c199-4b39-a9fa-32655c5d1b91', 
'8cf70e49-9e5a-44d0-ae51-ac431484ea40', 
'Nr', 
'nr', 
0, 
0, 
'1', 
true);
INSERT INTO "mendixsystem$sequence" ("attribute_id", 
"name", 
"start_value", 
"current_value")
 VALUES ('0a19d055-c199-4b39-a9fa-32655c5d1b91', 
'excelimporter$template_nr_mxseq', 
1, 
0);
INSERT INTO "mendixsystem$attribute" ("id", 
"entity_id", 
"attribute_name", 
"column_name", 
"type", 
"length", 
"default_value", 
"is_auto_number")
 VALUES ('640c4158-2c4b-49c5-ba80-99f5f1653b05', 
'8cf70e49-9e5a-44d0-ae51-ac431484ea40', 
'Title', 
'title', 
30, 
50, 
'', 
false);
INSERT INTO "mendixsystem$attribute" ("id", 
"entity_id", 
"attribute_name", 
"column_name", 
"type", 
"length", 
"default_value", 
"is_auto_number")
 VALUES ('cb1eecb0-cc2a-47d2-bd3c-06318d39f788', 
'8cf70e49-9e5a-44d0-ae51-ac431484ea40', 
'Description', 
'description', 
30, 
0, 
'', 
false);
INSERT INTO "mendixsystem$attribute" ("id", 
"entity_id", 
"attribute_name", 
"column_name", 
"type", 
"length", 
"default_value", 
"is_auto_number")
 VALUES ('0b392131-77e8-47d9-8bba-aa5171c5dff5', 
'8cf70e49-9e5a-44d0-ae51-ac431484ea40', 
'SheetIndex', 
'sheetindex', 
3, 
0, 
'1', 
false);
INSERT INTO "mendixsystem$attribute" ("id", 
"entity_id", 
"attribute_name", 
"column_name", 
"type", 
"length", 
"default_value", 
"is_auto_number")
 VALUES ('6bac7bc6-2f77-44a7-9fa7-dca1175a68b9', 
'8cf70e49-9e5a-44d0-ae51-ac431484ea40', 
'HeaderRowNumber', 
'headerrownumber', 
3, 
0, 
'1', 
false);
INSERT INTO "mendixsystem$attribute" ("id", 
"entity_id", 
"attribute_name", 
"column_name", 
"type", 
"length", 
"default_value", 
"is_auto_number")
 VALUES ('9b4f9827-fef9-47b6-a7c8-0270b8c8cff3', 
'8cf70e49-9e5a-44d0-ae51-ac431484ea40', 
'FirstDataRowNumber', 
'firstdatarownumber', 
3, 
0, 
'2', 
false);
INSERT INTO "mendixsystem$attribute" ("id", 
"entity_id", 
"attribute_name", 
"column_name", 
"type", 
"length", 
"default_value", 
"is_auto_number")
 VALUES ('d422cee2-127d-4357-84df-9f6e474ce9b1', 
'8cf70e49-9e5a-44d0-ae51-ac431484ea40', 
'Status', 
'status', 
40, 
7, 
'INFO', 
false);
INSERT INTO "mendixsystem$attribute" ("id", 
"entity_id", 
"attribute_name", 
"column_name", 
"type", 
"length", 
"default_value", 
"is_auto_number")
 VALUES ('8c86de24-8c58-4d15-8ad3-e00c06c3621b', 
'8cf70e49-9e5a-44d0-ae51-ac431484ea40', 
'ImportAction', 
'importaction', 
40, 
23, 
'SynchronizeObjects', 
false);
INSERT INTO "mendixsystem$attribute" ("id", 
"entity_id", 
"attribute_name", 
"column_name", 
"type", 
"length", 
"default_value", 
"is_auto_number")
 VALUES ('213052c0-f0c0-4e44-8d3c-1935a8082419', 
'8cf70e49-9e5a-44d0-ae51-ac431484ea40', 
'TemplateType', 
'templatetype', 
40, 
6, 
'Normal', 
false);
INSERT INTO "mendixsystem$attribute" ("id", 
"entity_id", 
"attribute_name", 
"column_name", 
"type", 
"length", 
"default_value", 
"is_auto_number")
 VALUES ('0d47a35a-7da9-3f6f-9a4f-36199cff8d63', 
'8cf70e49-9e5a-44d0-ae51-ac431484ea40', 
'createdDate', 
'createddate', 
20, 
0, 
'', 
false);
INSERT INTO "mendixsystem$attribute" ("id", 
"entity_id", 
"attribute_name", 
"column_name", 
"type", 
"length", 
"default_value", 
"is_auto_number")
 VALUES ('7ff7be22-b845-309f-ae6e-252bd334d298', 
'8cf70e49-9e5a-44d0-ae51-ac431484ea40', 
'changedDate', 
'changeddate', 
20, 
0, 
'', 
false);
INSERT INTO "mendixsystem$index" ("id", 
"table_id", 
"index_name")
 VALUES ('59ac4698-d75d-3457-9d9c-e88432bac753', 
'8cf70e49-9e5a-44d0-ae51-ac431484ea40', 
'idx_excelimporter$template_system$changedby');
INSERT INTO "mendixsystem$index_column" ("index_id", 
"column_id", 
"sort_order", 
"ordinal")
 VALUES ('59ac4698-d75d-3457-9d9c-e88432bac753', 
'da8b269a-e80a-3e0e-a0c6-33fe1fde3bab', 
false, 
0);
INSERT INTO "mendixsystem$index" ("id", 
"table_id", 
"index_name")
 VALUES ('ab7375ed-db56-32ba-9e20-7235f33b35a2', 
'8cf70e49-9e5a-44d0-ae51-ac431484ea40', 
'idx_excelimporter$template_system$owner');
INSERT INTO "mendixsystem$index_column" ("index_id", 
"column_id", 
"sort_order", 
"ordinal")
 VALUES ('ab7375ed-db56-32ba-9e20-7235f33b35a2', 
'9a9b82fd-0389-3547-a8c9-53ef8e26baa6', 
false, 
0);
INSERT INTO "mendixsystem$association" ("id", 
"association_name", 
"table_name", 
"parent_entity_id", 
"child_entity_id", 
"parent_column_name", 
"child_column_name")
 VALUES ('da8b269a-e80a-3e0e-a0c6-33fe1fde3bab', 
'System.changedBy', 
'system$changedby', 
'8cf70e49-9e5a-44d0-ae51-ac431484ea40', 
'282e2e60-88a5-469d-84a5-ba8d9151644f', 
'id', 
'system$changedby');
INSERT INTO "mendixsystem$association" ("id", 
"association_name", 
"table_name", 
"parent_entity_id", 
"child_entity_id", 
"parent_column_name", 
"child_column_name")
 VALUES ('9a9b82fd-0389-3547-a8c9-53ef8e26baa6', 
'System.owner', 
'system$owner', 
'8cf70e49-9e5a-44d0-ae51-ac431484ea40', 
'282e2e60-88a5-469d-84a5-ba8d9151644f', 
'id', 
'system$owner');
CREATE TABLE "excelimporter$template_mxobjectreference_parentassociation" (
	"excelimporter$templateid" BIGINT NOT NULL,
	"mxmodelreflection$mxobjectreferenceid" BIGINT NOT NULL,
	PRIMARY KEY("excelimporter$templateid","mxmodelreflection$mxobjectreferenceid"),
	CONSTRAINT "uniq_excelimporter$template_mxobjectreference_parentassociation_excelimporter$templateid" UNIQUE ("excelimporter$templateid"));
CREATE INDEX "idx_excelimporter$template_mxobjectreference_parentassociation_mxmodelreflection$mxobjectreference_excelimporter$template" ON "excelimporter$template_mxobjectreference_parentassociation" ("mxmodelreflection$mxobjectreferenceid" ASC,"excelimporter$templateid" ASC);
INSERT INTO "mendixsystem$association" ("id", 
"association_name", 
"table_name", 
"parent_entity_id", 
"child_entity_id", 
"parent_column_name", 
"child_column_name", 
"index_name")
 VALUES ('50942d15-f45e-43ca-bfda-1c6f71703220', 
'ExcelImporter.Template_MxObjectReference_ParentAssociation', 
'excelimporter$template_mxobjectreference_parentassociation', 
'8cf70e49-9e5a-44d0-ae51-ac431484ea40', 
'eb17e8e5-32f7-4fb8-a8e0-b78bd0cb5fab', 
'excelimporter$templateid', 
'mxmodelreflection$mxobjectreferenceid', 
'idx_excelimporter$template_mxobjectreference_parentassociation_mxmodelreflection$mxobjectreference_excelimporter$template');
INSERT INTO "mendixsystem$unique_constraint" ("name", 
"table_id", 
"column_id")
 VALUES ('uniq_excelimporter$template_mxobjectreference_parentassociation_excelimporter$templateid', 
'50942d15-f45e-43ca-bfda-1c6f71703220', 
'f355f03f-4c69-3deb-a4cc-ab18ce087d1c');
CREATE TABLE "excelimporter$template_additionalproperties" (
	"excelimporter$templateid" BIGINT NOT NULL,
	"excelimporter$additionalpropertiesid" BIGINT NOT NULL,
	PRIMARY KEY("excelimporter$templateid","excelimporter$additionalpropertiesid"),
	CONSTRAINT "uniq_excelimporter$template_additionalproperties_excelimporter$additionalpropertiesid" UNIQUE ("excelimporter$additionalpropertiesid"),
	CONSTRAINT "uniq_excelimporter$template_additionalproperties_excelimporter$templateid" UNIQUE ("excelimporter$templateid"));
CREATE INDEX "idx_excelimporter$template_additionalproperties_excelimporter$additionalproperties_excelimporter$template" ON "excelimporter$template_additionalproperties" ("excelimporter$additionalpropertiesid" ASC,"excelimporter$templateid" ASC);
INSERT INTO "mendixsystem$association" ("id", 
"association_name", 
"table_name", 
"parent_entity_id", 
"child_entity_id", 
"parent_column_name", 
"child_column_name", 
"index_name")
 VALUES ('32bb1ee2-3297-4b4e-a3aa-1f180e222133', 
'ExcelImporter.Template_AdditionalProperties', 
'excelimporter$template_additionalproperties', 
'8cf70e49-9e5a-44d0-ae51-ac431484ea40', 
'a43ea6c4-9296-491e-bbff-f8aa48c0374a', 
'excelimporter$templateid', 
'excelimporter$additionalpropertiesid', 
'idx_excelimporter$template_additionalproperties_excelimporter$additionalproperties_excelimporter$template');
INSERT INTO "mendixsystem$unique_constraint" ("name", 
"table_id", 
"column_id")
 VALUES ('uniq_excelimporter$template_additionalproperties_excelimporter$additionalpropertiesid', 
'32bb1ee2-3297-4b4e-a3aa-1f180e222133', 
'9a50fb30-0398-37b8-b3bc-f58bb14880e4');
INSERT INTO "mendixsystem$unique_constraint" ("name", 
"table_id", 
"column_id")
 VALUES ('uniq_excelimporter$template_additionalproperties_excelimporter$templateid', 
'32bb1ee2-3297-4b4e-a3aa-1f180e222133', 
'98b5a9f6-68da-3272-b3d9-f6c4a3f8f427');
CREATE TABLE "excelimporter$template_mastertemplate" (
	"excelimporter$templateid1" BIGINT NOT NULL,
	"excelimporter$templateid2" BIGINT NOT NULL,
	PRIMARY KEY("excelimporter$templateid1","excelimporter$templateid2"),
	CONSTRAINT "uniq_excelimporter$template_mastertemplate_excelimporter$templateid1" UNIQUE ("excelimporter$templateid1"));
CREATE INDEX "idx_excelimporter$template_mastertemplate_excelimporter$template_excelimporter$template" ON "excelimporter$template_mastertemplate" ("excelimporter$templateid2" ASC,"excelimporter$templateid1" ASC);
INSERT INTO "mendixsystem$association" ("id", 
"association_name", 
"table_name", 
"parent_entity_id", 
"child_entity_id", 
"parent_column_name", 
"child_column_name", 
"index_name")
 VALUES ('267c8148-eb72-4c15-8586-8e1261e726d0', 
'ExcelImporter.Template_MasterTemplate', 
'excelimporter$template_mastertemplate', 
'8cf70e49-9e5a-44d0-ae51-ac431484ea40', 
'8cf70e49-9e5a-44d0-ae51-ac431484ea40', 
'excelimporter$templateid1', 
'excelimporter$templateid2', 
'idx_excelimporter$template_mastertemplate_excelimporter$template_excelimporter$template');
INSERT INTO "mendixsystem$unique_constraint" ("name", 
"table_id", 
"column_id")
 VALUES ('uniq_excelimporter$template_mastertemplate_excelimporter$templateid1', 
'267c8148-eb72-4c15-8586-8e1261e726d0', 
'6ef341d4-a7b4-3802-a8bb-08e537862541');
CREATE TABLE "excelimporter$template_mxobjecttype" (
	"excelimporter$templateid" BIGINT NOT NULL,
	"mxmodelreflection$mxobjecttypeid" BIGINT NOT NULL,
	PRIMARY KEY("excelimporter$templateid","mxmodelreflection$mxobjecttypeid"),
	CONSTRAINT "uniq_excelimporter$template_mxobjecttype_excelimporter$templateid" UNIQUE ("excelimporter$templateid"));
CREATE INDEX "idx_excelimporter$template_mxobjecttype_mxmodelreflection$mxobjecttype_excelimporter$template" ON "excelimporter$template_mxobjecttype" ("mxmodelreflection$mxobjecttypeid" ASC,"excelimporter$templateid" ASC);
INSERT INTO "mendixsystem$association" ("id", 
"association_name", 
"table_name", 
"parent_entity_id", 
"child_entity_id", 
"parent_column_name", 
"child_column_name", 
"index_name")
 VALUES ('85043dfa-a5b9-4c08-8bd3-c2665d98e3e1', 
'ExcelImporter.Template_MxObjectType', 
'excelimporter$template_mxobjecttype', 
'8cf70e49-9e5a-44d0-ae51-ac431484ea40', 
'2750feee-09aa-4b3a-abdc-807f553d0c73', 
'excelimporter$templateid', 
'mxmodelreflection$mxobjecttypeid', 
'idx_excelimporter$template_mxobjecttype_mxmodelreflection$mxobjecttype_excelimporter$template');
INSERT INTO "mendixsystem$unique_constraint" ("name", 
"table_id", 
"column_id")
 VALUES ('uniq_excelimporter$template_mxobjecttype_excelimporter$templateid', 
'85043dfa-a5b9-4c08-8bd3-c2665d98e3e1', 
'6d6e07f5-5d89-3d37-b8cb-09bdaf9467f8');
CREATE TABLE "xlsreport$mxstatic" (
	"id" BIGINT NOT NULL,
	"columnplace" INT NULL,
	"rowplace" INT NULL,
	"statictype" VARCHAR_IGNORECASE(12) NULL,
	"aggregatefunction" VARCHAR_IGNORECASE(7) NULL,
	PRIMARY KEY("id"));
INSERT INTO "mendixsystem$entity" ("id", 
"entity_name", 
"table_name", 
"superentity_id", 
"remote", 
"remote_primary_key")
 VALUES ('ba29f76a-7032-4863-a8df-91edcde59346', 
'XLSReport.MxStatic', 
'xlsreport$mxstatic', 
'7926f523-9b23-489b-8215-b54dfc08ee95', 
false, 
false);
INSERT INTO "mendixsystem$attribute" ("id", 
"entity_id", 
"attribute_name", 
"column_name", 
"type", 
"length", 
"default_value", 
"is_auto_number")
 VALUES ('4d3de9f5-29aa-42cc-a177-00031ab59557', 
'ba29f76a-7032-4863-a8df-91edcde59346', 
'ColumnPlace', 
'columnplace', 
3, 
0, 
'0', 
false);
INSERT INTO "mendixsystem$attribute" ("id", 
"entity_id", 
"attribute_name", 
"column_name", 
"type", 
"length", 
"default_value", 
"is_auto_number")
 VALUES ('3c2e2101-3d84-4e71-9894-02fed4678bc3', 
'ba29f76a-7032-4863-a8df-91edcde59346', 
'RowPlace', 
'rowplace', 
3, 
0, 
'0', 
false);
INSERT INTO "mendixsystem$attribute" ("id", 
"entity_id", 
"attribute_name", 
"column_name", 
"type", 
"length", 
"default_value", 
"is_auto_number")
 VALUES ('848fa653-85bc-4cab-a5ce-2b4b9f5d9d06', 
'ba29f76a-7032-4863-a8df-91edcde59346', 
'StaticType', 
'statictype', 
40, 
12, 
'', 
false);
INSERT INTO "mendixsystem$attribute" ("id", 
"entity_id", 
"attribute_name", 
"column_name", 
"type", 
"length", 
"default_value", 
"is_auto_number")
 VALUES ('665b207c-b387-43b2-8f99-0c70908f0a8e', 
'ba29f76a-7032-4863-a8df-91edcde59346', 
'AggregateFunction', 
'aggregatefunction', 
40, 
7, 
'', 
false);
CREATE TABLE "xlsreport$mxstatic_mxcolumn" (
	"xlsreport$mxstaticid" BIGINT NOT NULL,
	"xlsreport$mxcolumnid" BIGINT NOT NULL,
	PRIMARY KEY("xlsreport$mxstaticid","xlsreport$mxcolumnid"),
	CONSTRAINT "uniq_xlsreport$mxstatic_mxcolumn_xlsreport$mxstaticid" UNIQUE ("xlsreport$mxstaticid"));
CREATE INDEX "idx_xlsreport$mxstatic_mxcolumn_xlsreport$mxcolumn_xlsreport$mxstatic" ON "xlsreport$mxstatic_mxcolumn" ("xlsreport$mxcolumnid" ASC,"xlsreport$mxstaticid" ASC);
INSERT INTO "mendixsystem$association" ("id", 
"association_name", 
"table_name", 
"parent_entity_id", 
"child_entity_id", 
"parent_column_name", 
"child_column_name", 
"index_name")
 VALUES ('1c9dcf23-4390-41ce-994c-a5e816a6cf93', 
'XLSReport.MxStatic_MxColumn', 
'xlsreport$mxstatic_mxcolumn', 
'ba29f76a-7032-4863-a8df-91edcde59346', 
'b10ca036-b0d1-4659-84e1-ffe52f49b500', 
'xlsreport$mxstaticid', 
'xlsreport$mxcolumnid', 
'idx_xlsreport$mxstatic_mxcolumn_xlsreport$mxcolumn_xlsreport$mxstatic');
INSERT INTO "mendixsystem$unique_constraint" ("name", 
"table_id", 
"column_id")
 VALUES ('uniq_xlsreport$mxstatic_mxcolumn_xlsreport$mxstaticid', 
'1c9dcf23-4390-41ce-994c-a5e816a6cf93', 
'a6107cb4-4acd-3188-8d74-e3acb606e24e');
CREATE TABLE "xlsreport$mxstatic_mxobjectmember" (
	"xlsreport$mxstaticid" BIGINT NOT NULL,
	"mxmodelreflection$mxobjectmemberid" BIGINT NOT NULL,
	PRIMARY KEY("xlsreport$mxstaticid","mxmodelreflection$mxobjectmemberid"),
	CONSTRAINT "uniq_xlsreport$mxstatic_mxobjectmember_xlsreport$mxstaticid" UNIQUE ("xlsreport$mxstaticid"));
CREATE INDEX "idx_xlsreport$mxstatic_mxobjectmember_mxmodelreflection$mxobjectmember_xlsreport$mxstatic" ON "xlsreport$mxstatic_mxobjectmember" ("mxmodelreflection$mxobjectmemberid" ASC,"xlsreport$mxstaticid" ASC);
INSERT INTO "mendixsystem$association" ("id", 
"association_name", 
"table_name", 
"parent_entity_id", 
"child_entity_id", 
"parent_column_name", 
"child_column_name", 
"index_name")
 VALUES ('2ae9cec8-e74c-470b-a30c-8ad792a4d2c8', 
'XLSReport.MxStatic_MxObjectMember', 
'xlsreport$mxstatic_mxobjectmember', 
'ba29f76a-7032-4863-a8df-91edcde59346', 
'69a067b5-3545-4ce0-a470-5c30d9a4e458', 
'xlsreport$mxstaticid', 
'mxmodelreflection$mxobjectmemberid', 
'idx_xlsreport$mxstatic_mxobjectmember_mxmodelreflection$mxobjectmember_xlsreport$mxstatic');
INSERT INTO "mendixsystem$unique_constraint" ("name", 
"table_id", 
"column_id")
 VALUES ('uniq_xlsreport$mxstatic_mxobjectmember_xlsreport$mxstaticid', 
'2ae9cec8-e74c-470b-a30c-8ad792a4d2c8', 
'dd09f052-4639-35dc-9e4e-9d21129a159d');
CREATE TABLE "excelimporter$referencehandling" (
	"id" BIGINT NOT NULL,
	"handling" VARCHAR_IGNORECASE(20) NULL,
	"datahandling" VARCHAR_IGNORECASE(9) NULL,
	"printnotfoundmessages" BOOLEAN NULL,
	"commitunchangedobjects" BOOLEAN NULL,
	"ignoreemptykeys" BOOLEAN NULL,
	"createddate" TIMESTAMP NULL,
	"changeddate" TIMESTAMP NULL,
	"system$owner" BIGINT NULL,
	"system$changedby" BIGINT NULL,
	PRIMARY KEY("id"));
CREATE INDEX "idx_excelimporter$referencehandling_system$owner" ON "excelimporter$referencehandling" ("system$owner" ASC,"id" ASC);
CREATE INDEX "idx_excelimporter$referencehandling_system$changedby" ON "excelimporter$referencehandling" ("system$changedby" ASC,"id" ASC);
INSERT INTO "mendixsystem$entity" ("id", 
"entity_name", 
"table_name", 
"remote", 
"remote_primary_key")
 VALUES ('123b0fde-5bb2-480f-9c99-dab5cf824896', 
'ExcelImporter.ReferenceHandling', 
'excelimporter$referencehandling', 
false, 
false);
INSERT INTO "mendixsystem$attribute" ("id", 
"entity_id", 
"attribute_name", 
"column_name", 
"type", 
"length", 
"default_value", 
"is_auto_number")
 VALUES ('1e03354f-b66a-4ead-a5ec-aabc5c01bf41', 
'123b0fde-5bb2-480f-9c99-dab5cf824896', 
'Handling', 
'handling', 
40, 
20, 
'FindCreate', 
false);
INSERT INTO "mendixsystem$attribute" ("id", 
"entity_id", 
"attribute_name", 
"column_name", 
"type", 
"length", 
"default_value", 
"is_auto_number")
 VALUES ('3f4dc33a-0b11-4cb2-8c63-393acec6dff5', 
'123b0fde-5bb2-480f-9c99-dab5cf824896', 
'DataHandling', 
'datahandling', 
40, 
9, 
'Overwrite', 
false);
INSERT INTO "mendixsystem$attribute" ("id", 
"entity_id", 
"attribute_name", 
"column_name", 
"type", 
"length", 
"default_value", 
"is_auto_number")
 VALUES ('d8d8e33e-3cec-45e8-87dd-ebb1a92a4365', 
'123b0fde-5bb2-480f-9c99-dab5cf824896', 
'PrintNotFoundMessages', 
'printnotfoundmessages', 
10, 
0, 
'false', 
false);
INSERT INTO "mendixsystem$attribute" ("id", 
"entity_id", 
"attribute_name", 
"column_name", 
"type", 
"length", 
"default_value", 
"is_auto_number")
 VALUES ('efeaa47d-c29a-4912-ba03-aafd90c32f32', 
'123b0fde-5bb2-480f-9c99-dab5cf824896', 
'CommitUnchangedObjects', 
'commitunchangedobjects', 
10, 
0, 
'true', 
false);
INSERT INTO "mendixsystem$attribute" ("id", 
"entity_id", 
"attribute_name", 
"column_name", 
"type", 
"length", 
"default_value", 
"is_auto_number")
 VALUES ('ca034788-ab29-4c36-a4da-e83c17cf4a19', 
'123b0fde-5bb2-480f-9c99-dab5cf824896', 
'IgnoreEmptyKeys', 
'ignoreemptykeys', 
10, 
0, 
'true', 
false);
INSERT INTO "mendixsystem$attribute" ("id", 
"entity_id", 
"attribute_name", 
"column_name", 
"type", 
"length", 
"default_value", 
"is_auto_number")
 VALUES ('63886676-ecf7-3403-abcf-ff825a49c274', 
'123b0fde-5bb2-480f-9c99-dab5cf824896', 
'createdDate', 
'createddate', 
20, 
0, 
'', 
false);
INSERT INTO "mendixsystem$attribute" ("id", 
"entity_id", 
"attribute_name", 
"column_name", 
"type", 
"length", 
"default_value", 
"is_auto_number")
 VALUES ('e455ff86-88e7-38aa-93bc-728d50a12639', 
'123b0fde-5bb2-480f-9c99-dab5cf824896', 
'changedDate', 
'changeddate', 
20, 
0, 
'', 
false);
INSERT INTO "mendixsystem$index" ("id", 
"table_id", 
"index_name")
 VALUES ('f0738b38-e705-32ad-9ae5-7bfa4797077d', 
'123b0fde-5bb2-480f-9c99-dab5cf824896', 
'idx_excelimporter$referencehandling_system$owner');
INSERT INTO "mendixsystem$index_column" ("index_id", 
"column_id", 
"sort_order", 
"ordinal")
 VALUES ('f0738b38-e705-32ad-9ae5-7bfa4797077d', 
'a59c0446-1320-3689-b2f9-efe5fa2eff4a', 
false, 
0);
INSERT INTO "mendixsystem$index" ("id", 
"table_id", 
"index_name")
 VALUES ('89d6c966-f431-3cf7-b207-c7965a89268f', 
'123b0fde-5bb2-480f-9c99-dab5cf824896', 
'idx_excelimporter$referencehandling_system$changedby');
INSERT INTO "mendixsystem$index_column" ("index_id", 
"column_id", 
"sort_order", 
"ordinal")
 VALUES ('89d6c966-f431-3cf7-b207-c7965a89268f', 
'52cb607c-7491-381e-8cf7-d34fa348bf42', 
false, 
0);
INSERT INTO "mendixsystem$association" ("id", 
"association_name", 
"table_name", 
"parent_entity_id", 
"child_entity_id", 
"parent_column_name", 
"child_column_name")
 VALUES ('a59c0446-1320-3689-b2f9-efe5fa2eff4a', 
'System.owner', 
'system$owner', 
'123b0fde-5bb2-480f-9c99-dab5cf824896', 
'282e2e60-88a5-469d-84a5-ba8d9151644f', 
'id', 
'system$owner');
INSERT INTO "mendixsystem$association" ("id", 
"association_name", 
"table_name", 
"parent_entity_id", 
"child_entity_id", 
"parent_column_name", 
"child_column_name")
 VALUES ('52cb607c-7491-381e-8cf7-d34fa348bf42', 
'System.changedBy', 
'system$changedby', 
'123b0fde-5bb2-480f-9c99-dab5cf824896', 
'282e2e60-88a5-469d-84a5-ba8d9151644f', 
'id', 
'system$changedby');
CREATE TABLE "excelimporter$referencehandling_mxobjectreference" (
	"excelimporter$referencehandlingid" BIGINT NOT NULL,
	"mxmodelreflection$mxobjectreferenceid" BIGINT NOT NULL,
	PRIMARY KEY("excelimporter$referencehandlingid","mxmodelreflection$mxobjectreferenceid"),
	CONSTRAINT "uniq_excelimporter$referencehandling_mxobjectreference_excelimporter$referencehandlingid" UNIQUE ("excelimporter$referencehandlingid"));
CREATE INDEX "idx_excelimporter$referencehandling_mxobjectreference_mxmodelreflection$mxobjectreference_excelimporter$referencehandling" ON "excelimporter$referencehandling_mxobjectreference" ("mxmodelreflection$mxobjectreferenceid" ASC,"excelimporter$referencehandlingid" ASC);
INSERT INTO "mendixsystem$association" ("id", 
"association_name", 
"table_name", 
"parent_entity_id", 
"child_entity_id", 
"parent_column_name", 
"child_column_name", 
"index_name")
 VALUES ('1bc371c6-5ff4-49d6-b44e-a954dc915229', 
'ExcelImporter.ReferenceHandling_MxObjectReference', 
'excelimporter$referencehandling_mxobjectreference', 
'123b0fde-5bb2-480f-9c99-dab5cf824896', 
'eb17e8e5-32f7-4fb8-a8e0-b78bd0cb5fab', 
'excelimporter$referencehandlingid', 
'mxmodelreflection$mxobjectreferenceid', 
'idx_excelimporter$referencehandling_mxobjectreference_mxmodelreflection$mxobjectreference_excelimporter$referencehandling');
INSERT INTO "mendixsystem$unique_constraint" ("name", 
"table_id", 
"column_id")
 VALUES ('uniq_excelimporter$referencehandling_mxobjectreference_excelimporter$referencehandlingid', 
'1bc371c6-5ff4-49d6-b44e-a954dc915229', 
'dbf86800-2c10-3b9c-a5d5-8218073f4bc4');
CREATE TABLE "excelimporter$referencehandling_template" (
	"excelimporter$referencehandlingid" BIGINT NOT NULL,
	"excelimporter$templateid" BIGINT NOT NULL,
	PRIMARY KEY("excelimporter$referencehandlingid","excelimporter$templateid"),
	CONSTRAINT "uniq_excelimporter$referencehandling_template_excelimporter$referencehandlingid" UNIQUE ("excelimporter$referencehandlingid"));
CREATE INDEX "idx_excelimporter$referencehandling_template_excelimporter$template_excelimporter$referencehandling" ON "excelimporter$referencehandling_template" ("excelimporter$templateid" ASC,"excelimporter$referencehandlingid" ASC);
INSERT INTO "mendixsystem$association" ("id", 
"association_name", 
"table_name", 
"parent_entity_id", 
"child_entity_id", 
"parent_column_name", 
"child_column_name", 
"index_name")
 VALUES ('31f8592c-7ec9-4071-a65d-6ce3e3f4927c', 
'ExcelImporter.ReferenceHandling_Template', 
'excelimporter$referencehandling_template', 
'123b0fde-5bb2-480f-9c99-dab5cf824896', 
'8cf70e49-9e5a-44d0-ae51-ac431484ea40', 
'excelimporter$referencehandlingid', 
'excelimporter$templateid', 
'idx_excelimporter$referencehandling_template_excelimporter$template_excelimporter$referencehandling');
INSERT INTO "mendixsystem$unique_constraint" ("name", 
"table_id", 
"column_id")
 VALUES ('uniq_excelimporter$referencehandling_template_excelimporter$referencehandlingid', 
'31f8592c-7ec9-4071-a65d-6ce3e3f4927c', 
'90481ed2-e351-34d2-9e26-6f547375e393');
UPDATE "mendixsystem$version"
 SET "versionnumber" = '4.2', 
"lastsyncdate" = '20220824 09:17:08';
