CREATE TABLE "mxmodelreflection$mxobjectreference" (
	"id" BIGINT NOT NULL,
	"completename" VARCHAR_IGNORECASE(200) NULL,
	"module" VARCHAR_IGNORECASE(200) NULL,
	"name" VARCHAR_IGNORECASE(200) NULL,
	"readablename" VARCHAR_IGNORECASE(200) NULL,
	"referencetype" VARCHAR_IGNORECASE(12) NULL,
	"associationowner" VARCHAR_IGNORECASE(8) NULL,
	"parententity" VARCHAR_IGNORECASE(200) NULL,
	"createddate" TIMESTAMP NULL,
	"changeddate" TIMESTAMP NULL,
	"system$owner" BIGINT NULL,
	"system$changedby" BIGINT NULL,
	PRIMARY KEY("id"));
CREATE INDEX "idx_mxmodelreflection$mxobjectreference_system$owner" ON "mxmodelreflection$mxobjectreference" ("system$owner" ASC,"id" ASC);
CREATE INDEX "idx_mxmodelreflection$mxobjectreference_system$changedby" ON "mxmodelreflection$mxobjectreference" ("system$changedby" ASC,"id" ASC);
INSERT INTO "mendixsystem$entity" ("id", 
"entity_name", 
"table_name", 
"remote", 
"remote_primary_key")
 VALUES ('eb17e8e5-32f7-4fb8-a8e0-b78bd0cb5fab', 
'MxModelReflection.MxObjectReference', 
'mxmodelreflection$mxobjectreference', 
false, 
false);
INSERT INTO "mendixsystem$attribute" ("id", 
"entity_id", 
"attribute_name", 
"column_name", 
"type", 
"length", 
"default_value", 
"is_auto_number")
 VALUES ('8450202f-a681-48a6-aa18-ca8d0675c3ee', 
'eb17e8e5-32f7-4fb8-a8e0-b78bd0cb5fab', 
'CompleteName', 
'completename', 
30, 
200, 
'', 
false);
INSERT INTO "mendixsystem$attribute" ("id", 
"entity_id", 
"attribute_name", 
"column_name", 
"type", 
"length", 
"default_value", 
"is_auto_number")
 VALUES ('783e40b2-fee3-44c9-a599-50de11c3177d', 
'eb17e8e5-32f7-4fb8-a8e0-b78bd0cb5fab', 
'Module', 
'module', 
30, 
200, 
'', 
false);
INSERT INTO "mendixsystem$attribute" ("id", 
"entity_id", 
"attribute_name", 
"column_name", 
"type", 
"length", 
"default_value", 
"is_auto_number")
 VALUES ('58cbb5b0-cff8-482e-bfba-fb1c1a2ed8c5', 
'eb17e8e5-32f7-4fb8-a8e0-b78bd0cb5fab', 
'Name', 
'name', 
30, 
200, 
'', 
false);
INSERT INTO "mendixsystem$attribute" ("id", 
"entity_id", 
"attribute_name", 
"column_name", 
"type", 
"length", 
"default_value", 
"is_auto_number")
 VALUES ('44bdb501-17fc-4256-97ce-4d064bb6b3b2', 
'eb17e8e5-32f7-4fb8-a8e0-b78bd0cb5fab', 
'ReadableName', 
'readablename', 
30, 
200, 
'', 
false);
INSERT INTO "mendixsystem$attribute" ("id", 
"entity_id", 
"attribute_name", 
"column_name", 
"type", 
"length", 
"default_value", 
"is_auto_number")
 VALUES ('30330ad8-7a8a-4638-bd76-bafa47f27cf6', 
'eb17e8e5-32f7-4fb8-a8e0-b78bd0cb5fab', 
'ReferenceType', 
'referencetype', 
40, 
12, 
'', 
false);
INSERT INTO "mendixsystem$attribute" ("id", 
"entity_id", 
"attribute_name", 
"column_name", 
"type", 
"length", 
"default_value", 
"is_auto_number")
 VALUES ('1991eeae-1bb9-4bf8-8b8d-049d900b5377', 
'eb17e8e5-32f7-4fb8-a8e0-b78bd0cb5fab', 
'AssociationOwner', 
'associationowner', 
40, 
8, 
'_Default', 
false);
INSERT INTO "mendixsystem$attribute" ("id", 
"entity_id", 
"attribute_name", 
"column_name", 
"type", 
"length", 
"default_value", 
"is_auto_number")
 VALUES ('f38c3b4e-5ebd-4a7d-9a2a-7ea91dd13cff', 
'eb17e8e5-32f7-4fb8-a8e0-b78bd0cb5fab', 
'ParentEntity', 
'parententity', 
30, 
200, 
'', 
false);
INSERT INTO "mendixsystem$attribute" ("id", 
"entity_id", 
"attribute_name", 
"column_name", 
"type", 
"length", 
"default_value", 
"is_auto_number")
 VALUES ('d713db19-7051-3b27-93d8-35da4397cda3', 
'eb17e8e5-32f7-4fb8-a8e0-b78bd0cb5fab', 
'createdDate', 
'createddate', 
20, 
0, 
'', 
false);
INSERT INTO "mendixsystem$attribute" ("id", 
"entity_id", 
"attribute_name", 
"column_name", 
"type", 
"length", 
"default_value", 
"is_auto_number")
 VALUES ('3c632dd5-9b73-30ec-aa4e-2116f624f594', 
'eb17e8e5-32f7-4fb8-a8e0-b78bd0cb5fab', 
'changedDate', 
'changeddate', 
20, 
0, 
'', 
false);
INSERT INTO "mendixsystem$index" ("id", 
"table_id", 
"index_name")
 VALUES ('b43d4c1a-e4f8-381e-bdb1-fb6837259080', 
'eb17e8e5-32f7-4fb8-a8e0-b78bd0cb5fab', 
'idx_mxmodelreflection$mxobjectreference_system$owner');
INSERT INTO "mendixsystem$index_column" ("index_id", 
"column_id", 
"sort_order", 
"ordinal")
 VALUES ('b43d4c1a-e4f8-381e-bdb1-fb6837259080', 
'b2c2db8c-a391-377a-bfc8-df0cc0cafcc1', 
false, 
0);
INSERT INTO "mendixsystem$index" ("id", 
"table_id", 
"index_name")
 VALUES ('3b66f8dd-be85-345e-83e1-511c70a9e4c2', 
'eb17e8e5-32f7-4fb8-a8e0-b78bd0cb5fab', 
'idx_mxmodelreflection$mxobjectreference_system$changedby');
INSERT INTO "mendixsystem$index_column" ("index_id", 
"column_id", 
"sort_order", 
"ordinal")
 VALUES ('3b66f8dd-be85-345e-83e1-511c70a9e4c2', 
'a632c379-5a8a-3edb-b118-4abdf01eb803', 
false, 
0);
INSERT INTO "mendixsystem$association" ("id", 
"association_name", 
"table_name", 
"parent_entity_id", 
"child_entity_id", 
"parent_column_name", 
"child_column_name")
 VALUES ('b2c2db8c-a391-377a-bfc8-df0cc0cafcc1', 
'System.owner', 
'system$owner', 
'eb17e8e5-32f7-4fb8-a8e0-b78bd0cb5fab', 
'282e2e60-88a5-469d-84a5-ba8d9151644f', 
'id', 
'system$owner');
INSERT INTO "mendixsystem$association" ("id", 
"association_name", 
"table_name", 
"parent_entity_id", 
"child_entity_id", 
"parent_column_name", 
"child_column_name")
 VALUES ('a632c379-5a8a-3edb-b118-4abdf01eb803', 
'System.changedBy', 
'system$changedby', 
'eb17e8e5-32f7-4fb8-a8e0-b78bd0cb5fab', 
'282e2e60-88a5-469d-84a5-ba8d9151644f', 
'id', 
'system$changedby');
CREATE TABLE "mxmodelreflection$mxobjectreference_mxobjecttype_parent" (
	"mxmodelreflection$mxobjectreferenceid" BIGINT NOT NULL,
	"mxmodelreflection$mxobjecttypeid" BIGINT NOT NULL,
	PRIMARY KEY("mxmodelreflection$mxobjectreferenceid","mxmodelreflection$mxobjecttypeid"));
CREATE INDEX "idx_mxmodelreflection$mxobjectreference_mxobjecttype_parent_mxmodelreflection$mxobjecttype_mxmodelreflection$mxobjectreference" ON "mxmodelreflection$mxobjectreference_mxobjecttype_parent" ("mxmodelreflection$mxobjecttypeid" ASC,"mxmodelreflection$mxobjectreferenceid" ASC);
INSERT INTO "mendixsystem$association" ("id", 
"association_name", 
"table_name", 
"parent_entity_id", 
"child_entity_id", 
"parent_column_name", 
"child_column_name", 
"index_name")
 VALUES ('d93396b5-0c71-401e-bfc4-0204f3a93e79', 
'MxModelReflection.MxObjectReference_MxObjectType_Parent', 
'mxmodelreflection$mxobjectreference_mxobjecttype_parent', 
'eb17e8e5-32f7-4fb8-a8e0-b78bd0cb5fab', 
'2750feee-09aa-4b3a-abdc-807f553d0c73', 
'mxmodelreflection$mxobjectreferenceid', 
'mxmodelreflection$mxobjecttypeid', 
'idx_mxmodelreflection$mxobjectreference_mxobjecttype_parent_mxmodelreflection$mxobjecttype_mxmodelreflection$mxobjectreference');
CREATE TABLE "mxmodelreflection$mxobjectreference_mxobjecttype" (
	"mxmodelreflection$mxobjectreferenceid" BIGINT NOT NULL,
	"mxmodelreflection$mxobjecttypeid" BIGINT NOT NULL,
	PRIMARY KEY("mxmodelreflection$mxobjectreferenceid","mxmodelreflection$mxobjecttypeid"));
CREATE INDEX "idx_mxmodelreflection$mxobjectreference_mxobjecttype_mxmodelreflection$mxobjecttype_mxmodelreflection$mxobjectreference" ON "mxmodelreflection$mxobjectreference_mxobjecttype" ("mxmodelreflection$mxobjecttypeid" ASC,"mxmodelreflection$mxobjectreferenceid" ASC);
INSERT INTO "mendixsystem$association" ("id", 
"association_name", 
"table_name", 
"parent_entity_id", 
"child_entity_id", 
"parent_column_name", 
"child_column_name", 
"index_name")
 VALUES ('1a1364a7-8106-48dd-b605-640e35dcfbc7', 
'MxModelReflection.MxObjectReference_MxObjectType', 
'mxmodelreflection$mxobjectreference_mxobjecttype', 
'eb17e8e5-32f7-4fb8-a8e0-b78bd0cb5fab', 
'2750feee-09aa-4b3a-abdc-807f553d0c73', 
'mxmodelreflection$mxobjectreferenceid', 
'mxmodelreflection$mxobjecttypeid', 
'idx_mxmodelreflection$mxobjectreference_mxobjecttype_mxmodelreflection$mxobjecttype_mxmodelreflection$mxobjectreference');
CREATE TABLE "mxmodelreflection$mxobjectreference_module" (
	"mxmodelreflection$mxobjectreferenceid" BIGINT NOT NULL,
	"mxmodelreflection$moduleid" BIGINT NOT NULL,
	PRIMARY KEY("mxmodelreflection$mxobjectreferenceid","mxmodelreflection$moduleid"),
	CONSTRAINT "uniq_mxmodelreflection$mxobjectreference_module_mxmodelreflection$mxobjectreferenceid" UNIQUE ("mxmodelreflection$mxobjectreferenceid"));
CREATE INDEX "idx_mxmodelreflection$mxobjectreference_module_mxmodelreflection$module_mxmodelreflection$mxobjectreference" ON "mxmodelreflection$mxobjectreference_module" ("mxmodelreflection$moduleid" ASC,"mxmodelreflection$mxobjectreferenceid" ASC);
INSERT INTO "mendixsystem$association" ("id", 
"association_name", 
"table_name", 
"parent_entity_id", 
"child_entity_id", 
"parent_column_name", 
"child_column_name", 
"index_name")
 VALUES ('792153ad-94c5-4278-b365-aebb265be762', 
'MxModelReflection.MxObjectReference_Module', 
'mxmodelreflection$mxobjectreference_module', 
'eb17e8e5-32f7-4fb8-a8e0-b78bd0cb5fab', 
'6162a266-a4df-4d47-a002-58657fe55e48', 
'mxmodelreflection$mxobjectreferenceid', 
'mxmodelreflection$moduleid', 
'idx_mxmodelreflection$mxobjectreference_module_mxmodelreflection$module_mxmodelreflection$mxobjectreference');
INSERT INTO "mendixsystem$unique_constraint" ("name", 
"table_id", 
"column_id")
 VALUES ('uniq_mxmodelreflection$mxobjectreference_module_mxmodelreflection$mxobjectreferenceid', 
'792153ad-94c5-4278-b365-aebb265be762', 
'104c7ea1-9696-30a8-bef8-766cb42e2f88');
CREATE TABLE "mxmodelreflection$mxobjectreference_mxobjecttype_child" (
	"mxmodelreflection$mxobjectreferenceid" BIGINT NOT NULL,
	"mxmodelreflection$mxobjecttypeid" BIGINT NOT NULL,
	PRIMARY KEY("mxmodelreflection$mxobjectreferenceid","mxmodelreflection$mxobjecttypeid"));
CREATE INDEX "idx_mxmodelreflection$mxobjectreference_mxobjecttype_child_mxmodelreflection$mxobjecttype_mxmodelreflection$mxobjectreference" ON "mxmodelreflection$mxobjectreference_mxobjecttype_child" ("mxmodelreflection$mxobjecttypeid" ASC,"mxmodelreflection$mxobjectreferenceid" ASC);
INSERT INTO "mendixsystem$association" ("id", 
"association_name", 
"table_name", 
"parent_entity_id", 
"child_entity_id", 
"parent_column_name", 
"child_column_name", 
"index_name")
 VALUES ('f3a678c8-4d7d-4bf1-827a-139dfd15556a', 
'MxModelReflection.MxObjectReference_MxObjectType_Child', 
'mxmodelreflection$mxobjectreference_mxobjecttype_child', 
'eb17e8e5-32f7-4fb8-a8e0-b78bd0cb5fab', 
'2750feee-09aa-4b3a-abdc-807f553d0c73', 
'mxmodelreflection$mxobjectreferenceid', 
'mxmodelreflection$mxobjecttypeid', 
'idx_mxmodelreflection$mxobjectreference_mxobjecttype_child_mxmodelreflection$mxobjecttype_mxmodelreflection$mxobjectreference');
CREATE TABLE "encryption$pgpcertificate" (
	"id" BIGINT NOT NULL,
	"certificatetype" VARCHAR_IGNORECASE(10) NULL,
	"passphrase_plain" VARCHAR_IGNORECASE(20) NULL,
	"passphrase_encrypted" VARCHAR_IGNORECASE(100) NULL,
	"reference" VARCHAR_IGNORECASE(100) NULL,
	"emailaddress" VARCHAR_IGNORECASE(50) NULL,
	PRIMARY KEY("id"));
INSERT INTO "mendixsystem$entity" ("id", 
"entity_name", 
"table_name", 
"superentity_id", 
"remote", 
"remote_primary_key")
 VALUES ('78c14c60-ca77-4f5d-976b-dc59144ecc92', 
'Encryption.PGPCertificate', 
'encryption$pgpcertificate', 
'170ce49d-f29c-4fac-99a6-b55e8a3aeb39', 
false, 
false);
INSERT INTO "mendixsystem$attribute" ("id", 
"entity_id", 
"attribute_name", 
"column_name", 
"type", 
"length", 
"default_value", 
"is_auto_number")
 VALUES ('1d5edfca-535d-4a0f-8f39-d68af8ca9a2b', 
'78c14c60-ca77-4f5d-976b-dc59144ecc92', 
'CertificateType', 
'certificatetype', 
40, 
10, 
'', 
false);
INSERT INTO "mendixsystem$attribute" ("id", 
"entity_id", 
"attribute_name", 
"column_name", 
"type", 
"length", 
"default_value", 
"is_auto_number")
 VALUES ('0ecb3267-3a6c-43a6-b710-2059e6314e2d', 
'78c14c60-ca77-4f5d-976b-dc59144ecc92', 
'PassPhrase_Plain', 
'passphrase_plain', 
30, 
20, 
'', 
false);
INSERT INTO "mendixsystem$attribute" ("id", 
"entity_id", 
"attribute_name", 
"column_name", 
"type", 
"length", 
"default_value", 
"is_auto_number")
 VALUES ('95651a47-4de5-403c-b09a-814c23726a60', 
'78c14c60-ca77-4f5d-976b-dc59144ecc92', 
'PassPhrase_Encrypted', 
'passphrase_encrypted', 
30, 
100, 
'', 
false);
INSERT INTO "mendixsystem$attribute" ("id", 
"entity_id", 
"attribute_name", 
"column_name", 
"type", 
"length", 
"default_value", 
"is_auto_number")
 VALUES ('1870b02f-cdc5-489c-bbf6-32ee3e1f954a', 
'78c14c60-ca77-4f5d-976b-dc59144ecc92', 
'Reference', 
'reference', 
30, 
100, 
'', 
false);
INSERT INTO "mendixsystem$attribute" ("id", 
"entity_id", 
"attribute_name", 
"column_name", 
"type", 
"length", 
"default_value", 
"is_auto_number")
 VALUES ('081d8fbd-9de1-416b-a349-8bbd7a376f78', 
'78c14c60-ca77-4f5d-976b-dc59144ecc92', 
'EmailAddress', 
'emailaddress', 
30, 
50, 
'', 
false);
CREATE TABLE "encryption$secretkey_publickey" (
	"encryption$pgpcertificateid1" BIGINT NOT NULL,
	"encryption$pgpcertificateid2" BIGINT NOT NULL,
	PRIMARY KEY("encryption$pgpcertificateid1","encryption$pgpcertificateid2"),
	CONSTRAINT "uniq_encryption$secretkey_publickey_encryption$pgpcertificateid1" UNIQUE ("encryption$pgpcertificateid1"));
CREATE INDEX "idx_encryption$secretkey_publickey_encryption$pgpcertificate_encryption$pgpcertificate" ON "encryption$secretkey_publickey" ("encryption$pgpcertificateid2" ASC,"encryption$pgpcertificateid1" ASC);
INSERT INTO "mendixsystem$association" ("id", 
"association_name", 
"table_name", 
"parent_entity_id", 
"child_entity_id", 
"parent_column_name", 
"child_column_name", 
"index_name")
 VALUES ('7b53a29d-75ed-4d3e-8ec6-c2ff4517cc08', 
'Encryption.SecretKey_PublicKey', 
'encryption$secretkey_publickey', 
'78c14c60-ca77-4f5d-976b-dc59144ecc92', 
'78c14c60-ca77-4f5d-976b-dc59144ecc92', 
'encryption$pgpcertificateid1', 
'encryption$pgpcertificateid2', 
'idx_encryption$secretkey_publickey_encryption$pgpcertificate_encryption$pgpcertificate');
INSERT INTO "mendixsystem$unique_constraint" ("name", 
"table_id", 
"column_id")
 VALUES ('uniq_encryption$secretkey_publickey_encryption$pgpcertificateid1', 
'7b53a29d-75ed-4d3e-8ec6-c2ff4517cc08', 
'76adfd91-f798-37f7-a491-4acdb3f286b0');
CREATE TABLE "mxmodelreflection$valuetype" (
	"id" BIGINT NOT NULL,
	"name" VARCHAR_IGNORECASE(200) NULL,
	"typeenum" VARCHAR_IGNORECASE(11) NULL,
	"createddate" TIMESTAMP NULL,
	"changeddate" TIMESTAMP NULL,
	"system$changedby" BIGINT NULL,
	"system$owner" BIGINT NULL,
	PRIMARY KEY("id"));
CREATE INDEX "idx_mxmodelreflection$valuetype_system$changedby" ON "mxmodelreflection$valuetype" ("system$changedby" ASC,"id" ASC);
CREATE INDEX "idx_mxmodelreflection$valuetype_system$owner" ON "mxmodelreflection$valuetype" ("system$owner" ASC,"id" ASC);
INSERT INTO "mendixsystem$entity" ("id", 
"entity_name", 
"table_name", 
"remote", 
"remote_primary_key")
 VALUES ('8b506761-81c2-4993-b4b8-55aca4356556', 
'MxModelReflection.ValueType', 
'mxmodelreflection$valuetype', 
false, 
false);
INSERT INTO "mendixsystem$attribute" ("id", 
"entity_id", 
"attribute_name", 
"column_name", 
"type", 
"length", 
"default_value", 
"is_auto_number")
 VALUES ('e9f394c0-330e-4136-becc-400242f4a1bf', 
'8b506761-81c2-4993-b4b8-55aca4356556', 
'Name', 
'name', 
30, 
200, 
'', 
false);
INSERT INTO "mendixsystem$attribute" ("id", 
"entity_id", 
"attribute_name", 
"column_name", 
"type", 
"length", 
"default_value", 
"is_auto_number")
 VALUES ('9fa74605-67b0-4c41-9d36-1682b0eeccd4', 
'8b506761-81c2-4993-b4b8-55aca4356556', 
'TypeEnum', 
'typeenum', 
40, 
11, 
'', 
false);
INSERT INTO "mendixsystem$attribute" ("id", 
"entity_id", 
"attribute_name", 
"column_name", 
"type", 
"length", 
"default_value", 
"is_auto_number")
 VALUES ('44290964-875c-3f08-aa70-6e92883e7dc8', 
'8b506761-81c2-4993-b4b8-55aca4356556', 
'createdDate', 
'createddate', 
20, 
0, 
'', 
false);
INSERT INTO "mendixsystem$attribute" ("id", 
"entity_id", 
"attribute_name", 
"column_name", 
"type", 
"length", 
"default_value", 
"is_auto_number")
 VALUES ('6e7690e4-c800-3ce4-b31c-2874e1763613', 
'8b506761-81c2-4993-b4b8-55aca4356556', 
'changedDate', 
'changeddate', 
20, 
0, 
'', 
false);
INSERT INTO "mendixsystem$index" ("id", 
"table_id", 
"index_name")
 VALUES ('c77930b0-4dab-3808-97bf-665dd2e15973', 
'8b506761-81c2-4993-b4b8-55aca4356556', 
'idx_mxmodelreflection$valuetype_system$changedby');
INSERT INTO "mendixsystem$index_column" ("index_id", 
"column_id", 
"sort_order", 
"ordinal")
 VALUES ('c77930b0-4dab-3808-97bf-665dd2e15973', 
'15031424-2e35-36ec-910a-b6dab0d277ec', 
false, 
0);
INSERT INTO "mendixsystem$index" ("id", 
"table_id", 
"index_name")
 VALUES ('b12b0ff2-fbf8-352b-995c-ee03c6d666ad', 
'8b506761-81c2-4993-b4b8-55aca4356556', 
'idx_mxmodelreflection$valuetype_system$owner');
INSERT INTO "mendixsystem$index_column" ("index_id", 
"column_id", 
"sort_order", 
"ordinal")
 VALUES ('b12b0ff2-fbf8-352b-995c-ee03c6d666ad', 
'a909a87f-d562-37e0-b86b-42623885146f', 
false, 
0);
INSERT INTO "mendixsystem$association" ("id", 
"association_name", 
"table_name", 
"parent_entity_id", 
"child_entity_id", 
"parent_column_name", 
"child_column_name")
 VALUES ('15031424-2e35-36ec-910a-b6dab0d277ec', 
'System.changedBy', 
'system$changedby', 
'8b506761-81c2-4993-b4b8-55aca4356556', 
'282e2e60-88a5-469d-84a5-ba8d9151644f', 
'id', 
'system$changedby');
INSERT INTO "mendixsystem$association" ("id", 
"association_name", 
"table_name", 
"parent_entity_id", 
"child_entity_id", 
"parent_column_name", 
"child_column_name")
 VALUES ('a909a87f-d562-37e0-b86b-42623885146f', 
'System.owner', 
'system$owner', 
'8b506761-81c2-4993-b4b8-55aca4356556', 
'282e2e60-88a5-469d-84a5-ba8d9151644f', 
'id', 
'system$owner');
CREATE TABLE "mxmodelreflection$valuetype_mxobjecttype" (
	"mxmodelreflection$valuetypeid" BIGINT NOT NULL,
	"mxmodelreflection$mxobjecttypeid" BIGINT NOT NULL,
	PRIMARY KEY("mxmodelreflection$valuetypeid","mxmodelreflection$mxobjecttypeid"),
	CONSTRAINT "uniq_mxmodelreflection$valuetype_mxobjecttype_mxmodelreflection$valuetypeid" UNIQUE ("mxmodelreflection$valuetypeid"));
CREATE INDEX "idx_mxmodelreflection$valuetype_mxobjecttype_mxmodelreflection$mxobjecttype_mxmodelreflection$valuetype" ON "mxmodelreflection$valuetype_mxobjecttype" ("mxmodelreflection$mxobjecttypeid" ASC,"mxmodelreflection$valuetypeid" ASC);
INSERT INTO "mendixsystem$association" ("id", 
"association_name", 
"table_name", 
"parent_entity_id", 
"child_entity_id", 
"parent_column_name", 
"child_column_name", 
"index_name")
 VALUES ('58abd3a1-bfef-4667-8e3d-310098380b73', 
'MxModelReflection.ValueType_MxObjectType', 
'mxmodelreflection$valuetype_mxobjecttype', 
'8b506761-81c2-4993-b4b8-55aca4356556', 
'2750feee-09aa-4b3a-abdc-807f553d0c73', 
'mxmodelreflection$valuetypeid', 
'mxmodelreflection$mxobjecttypeid', 
'idx_mxmodelreflection$valuetype_mxobjecttype_mxmodelreflection$mxobjecttype_mxmodelreflection$valuetype');
INSERT INTO "mendixsystem$unique_constraint" ("name", 
"table_id", 
"column_id")
 VALUES ('uniq_mxmodelreflection$valuetype_mxobjecttype_mxmodelreflection$valuetypeid', 
'58abd3a1-bfef-4667-8e3d-310098380b73', 
'ea2ba673-2f66-36fc-8965-871af34f646a');
CREATE TABLE "emailtemplate$token" (
	"id" BIGINT NOT NULL,
	"token_type" VARCHAR_IGNORECASE(50) NULL,
	"scope" VARCHAR_IGNORECASE(5000) NULL,
	"expires_in" INT NULL,
	"ext_expires_in" INT NULL,
	"access_token" VARCHAR_IGNORECASE(2147483647) NULL,
	"refresh_token" VARCHAR_IGNORECASE(2147483647) NULL,
	"id_token" VARCHAR_IGNORECASE(2147483647) NULL,
	"createddate" TIMESTAMP NULL,
	PRIMARY KEY("id"));
INSERT INTO "mendixsystem$entity" ("id", 
"entity_name", 
"table_name", 
"remote", 
"remote_primary_key")
 VALUES ('2f87f32f-399f-4563-884b-af969f51566f', 
'EmailTemplate.Token', 
'emailtemplate$token', 
false, 
false);
INSERT INTO "mendixsystem$attribute" ("id", 
"entity_id", 
"attribute_name", 
"column_name", 
"type", 
"length", 
"default_value", 
"is_auto_number")
 VALUES ('af3cab32-e3d6-42db-849a-4e1e4e3e12ae', 
'2f87f32f-399f-4563-884b-af969f51566f', 
'token_type', 
'token_type', 
30, 
50, 
'', 
false);
INSERT INTO "mendixsystem$attribute" ("id", 
"entity_id", 
"attribute_name", 
"column_name", 
"type", 
"length", 
"default_value", 
"is_auto_number")
 VALUES ('8492304f-c49b-4033-ac6d-1af979d0e151', 
'2f87f32f-399f-4563-884b-af969f51566f', 
'scope', 
'scope', 
30, 
5000, 
'', 
false);
INSERT INTO "mendixsystem$attribute" ("id", 
"entity_id", 
"attribute_name", 
"column_name", 
"type", 
"length", 
"default_value", 
"is_auto_number")
 VALUES ('df3f8d1e-3520-4e0e-9ca1-8aeeb3c45396', 
'2f87f32f-399f-4563-884b-af969f51566f', 
'expires_in', 
'expires_in', 
3, 
0, 
'0', 
false);
INSERT INTO "mendixsystem$attribute" ("id", 
"entity_id", 
"attribute_name", 
"column_name", 
"type", 
"length", 
"default_value", 
"is_auto_number")
 VALUES ('d8b06236-ae86-4d70-82c5-ed0887b5c66b', 
'2f87f32f-399f-4563-884b-af969f51566f', 
'ext_expires_in', 
'ext_expires_in', 
3, 
0, 
'0', 
false);
INSERT INTO "mendixsystem$attribute" ("id", 
"entity_id", 
"attribute_name", 
"column_name", 
"type", 
"length", 
"default_value", 
"is_auto_number")
 VALUES ('38b6cae5-848f-4ed7-a169-bd799cbc5ef0', 
'2f87f32f-399f-4563-884b-af969f51566f', 
'access_token', 
'access_token', 
30, 
0, 
'', 
false);
INSERT INTO "mendixsystem$attribute" ("id", 
"entity_id", 
"attribute_name", 
"column_name", 
"type", 
"length", 
"default_value", 
"is_auto_number")
 VALUES ('73691337-5354-4256-8ddb-432cd95405c5', 
'2f87f32f-399f-4563-884b-af969f51566f', 
'refresh_token', 
'refresh_token', 
30, 
0, 
'', 
false);
INSERT INTO "mendixsystem$attribute" ("id", 
"entity_id", 
"attribute_name", 
"column_name", 
"type", 
"length", 
"default_value", 
"is_auto_number")
 VALUES ('053c08a9-2c09-461a-81f3-62a71259090d', 
'2f87f32f-399f-4563-884b-af969f51566f', 
'id_token', 
'id_token', 
30, 
0, 
'', 
false);
INSERT INTO "mendixsystem$attribute" ("id", 
"entity_id", 
"attribute_name", 
"column_name", 
"type", 
"length", 
"default_value", 
"is_auto_number")
 VALUES ('15e98d61-fb11-32c5-a64b-4a5e3bc0dcc0', 
'2f87f32f-399f-4563-884b-af969f51566f', 
'createdDate', 
'createddate', 
20, 
0, 
'', 
false);
CREATE TABLE "emailtemplate$token_emailsettings" (
	"emailtemplate$tokenid" BIGINT NOT NULL,
	"emailtemplate$emailsettingsid" BIGINT NOT NULL,
	PRIMARY KEY("emailtemplate$tokenid","emailtemplate$emailsettingsid"),
	CONSTRAINT "uniq_emailtemplate$token_emailsettings_emailtemplate$emailsettingsid" UNIQUE ("emailtemplate$emailsettingsid"),
	CONSTRAINT "uniq_emailtemplate$token_emailsettings_emailtemplate$tokenid" UNIQUE ("emailtemplate$tokenid"));
CREATE INDEX "idx_emailtemplate$token_emailsettings_emailtemplate$emailsettings_emailtemplate$token" ON "emailtemplate$token_emailsettings" ("emailtemplate$emailsettingsid" ASC,"emailtemplate$tokenid" ASC);
INSERT INTO "mendixsystem$association" ("id", 
"association_name", 
"table_name", 
"parent_entity_id", 
"child_entity_id", 
"parent_column_name", 
"child_column_name", 
"index_name")
 VALUES ('262b2418-cd3c-4e48-bd1c-ab8303f0f8ea', 
'EmailTemplate.Token_EmailSettings', 
'emailtemplate$token_emailsettings', 
'2f87f32f-399f-4563-884b-af969f51566f', 
'03d65381-9c87-495f-953e-5132fbdc9538', 
'emailtemplate$tokenid', 
'emailtemplate$emailsettingsid', 
'idx_emailtemplate$token_emailsettings_emailtemplate$emailsettings_emailtemplate$token');
INSERT INTO "mendixsystem$unique_constraint" ("name", 
"table_id", 
"column_id")
 VALUES ('uniq_emailtemplate$token_emailsettings_emailtemplate$emailsettingsid', 
'262b2418-cd3c-4e48-bd1c-ab8303f0f8ea', 
'c3f26620-2475-3df6-9e22-38d38aefa5f8');
INSERT INTO "mendixsystem$unique_constraint" ("name", 
"table_id", 
"column_id")
 VALUES ('uniq_emailtemplate$token_emailsettings_emailtemplate$tokenid', 
'262b2418-cd3c-4e48-bd1c-ab8303f0f8ea', 
'214913fb-95e6-3434-81e9-bfc8d65fad34');
CREATE TABLE "emailtemplate$modulesetup" (
	"id" BIGINT NOT NULL,
	"completed" BOOLEAN NULL,
	"nroftemplates" INT NULL,
	"sentsuccessful" BOOLEAN NULL,
	PRIMARY KEY("id"));
INSERT INTO "mendixsystem$entity" ("id", 
"entity_name", 
"table_name", 
"remote", 
"remote_primary_key")
 VALUES ('0166a03f-1ed3-43e3-8ccc-461f3f514399', 
'EmailTemplate.ModuleSetup', 
'emailtemplate$modulesetup', 
false, 
false);
INSERT INTO "mendixsystem$attribute" ("id", 
"entity_id", 
"attribute_name", 
"column_name", 
"type", 
"length", 
"default_value", 
"is_auto_number")
 VALUES ('302df900-7e87-41bf-85d7-11c48f07170d', 
'0166a03f-1ed3-43e3-8ccc-461f3f514399', 
'Completed', 
'completed', 
10, 
0, 
'true', 
false);
INSERT INTO "mendixsystem$attribute" ("id", 
"entity_id", 
"attribute_name", 
"column_name", 
"type", 
"length", 
"default_value", 
"is_auto_number")
 VALUES ('5ec04100-3092-41f4-9c42-be6ee60e6bc9', 
'0166a03f-1ed3-43e3-8ccc-461f3f514399', 
'NrOfTemplates', 
'nroftemplates', 
3, 
0, 
'0', 
false);
INSERT INTO "mendixsystem$attribute" ("id", 
"entity_id", 
"attribute_name", 
"column_name", 
"type", 
"length", 
"default_value", 
"is_auto_number")
 VALUES ('e129c722-ad0e-4072-9b15-f9ad8c36d6b8', 
'0166a03f-1ed3-43e3-8ccc-461f3f514399', 
'SentSuccessful', 
'sentsuccessful', 
10, 
0, 
'false', 
false);
CREATE TABLE "emailtemplate$modulesetup_emailsettings" (
	"emailtemplate$modulesetupid" BIGINT NOT NULL,
	"emailtemplate$emailsettingsid" BIGINT NOT NULL,
	PRIMARY KEY("emailtemplate$modulesetupid","emailtemplate$emailsettingsid"),
	CONSTRAINT "uniq_emailtemplate$modulesetup_emailsettings_emailtemplate$modulesetupid" UNIQUE ("emailtemplate$modulesetupid"));
CREATE INDEX "idx_emailtemplate$modulesetup_emailsettings_emailtemplate$emailsettings_emailtemplate$modulesetup" ON "emailtemplate$modulesetup_emailsettings" ("emailtemplate$emailsettingsid" ASC,"emailtemplate$modulesetupid" ASC);
INSERT INTO "mendixsystem$association" ("id", 
"association_name", 
"table_name", 
"parent_entity_id", 
"child_entity_id", 
"parent_column_name", 
"child_column_name", 
"index_name")
 VALUES ('a1cb5297-4dfa-4ed1-a97b-567e5a3c4c64', 
'EmailTemplate.ModuleSetup_EmailSettings', 
'emailtemplate$modulesetup_emailsettings', 
'0166a03f-1ed3-43e3-8ccc-461f3f514399', 
'03d65381-9c87-495f-953e-5132fbdc9538', 
'emailtemplate$modulesetupid', 
'emailtemplate$emailsettingsid', 
'idx_emailtemplate$modulesetup_emailsettings_emailtemplate$emailsettings_emailtemplate$modulesetup');
INSERT INTO "mendixsystem$unique_constraint" ("name", 
"table_id", 
"column_id")
 VALUES ('uniq_emailtemplate$modulesetup_emailsettings_emailtemplate$modulesetupid', 
'a1cb5297-4dfa-4ed1-a97b-567e5a3c4c64', 
'583e8643-d264-3307-923f-157e6dcd8a4f');
CREATE TABLE "emailtemplate$email" (
	"id" BIGINT NOT NULL,
	"to" VARCHAR_IGNORECASE(2147483647) NULL,
	"from" VARCHAR_IGNORECASE(200) NULL,
	"fromdisplayname" VARCHAR_IGNORECASE(500) NULL,
	"replyto" VARCHAR_IGNORECASE(200) NULL,
	"cc" VARCHAR_IGNORECASE(2147483647) NULL,
	"bcc" VARCHAR_IGNORECASE(2147483647) NULL,
	"subject" VARCHAR_IGNORECASE(250) NULL,
	"date" TIMESTAMP NULL,
	"useonlyplaintext" BOOLEAN NULL,
	"htmlbody" VARCHAR_IGNORECASE(2147483647) NULL,
	"plainbody" VARCHAR_IGNORECASE(2147483647) NULL,
	"queued" BOOLEAN NULL,
	"attempts" INT NULL,
	"datesent" TIMESTAMP NULL,
	"lasterror" VARCHAR_IGNORECASE(2147483647) NULL,
	"lastattempt" TIMESTAMP NULL,
	"status" VARCHAR_IGNORECASE(6) NULL,
	PRIMARY KEY("id"));
CREATE INDEX "idx_emailtemplate$email_queued_asc_status_asc_lastattempt_asc" ON "emailtemplate$email" ("queued" ASC,"status" ASC,"lastattempt" ASC,"id" ASC);
CREATE INDEX "idx_emailtemplate$email_datesent_asc" ON "emailtemplate$email" ("datesent" ASC,"id" ASC);
CREATE INDEX "idx_emailtemplate$email_lastattempt_asc_queued_asc" ON "emailtemplate$email" ("lastattempt" ASC,"queued" ASC,"id" ASC);
INSERT INTO "mendixsystem$entity" ("id", 
"entity_name", 
"table_name", 
"remote", 
"remote_primary_key")
 VALUES ('d1c7143d-8fad-4d5b-b160-6cde6460e368', 
'EmailTemplate.Email', 
'emailtemplate$email', 
false, 
false);
INSERT INTO "mendixsystem$attribute" ("id", 
"entity_id", 
"attribute_name", 
"column_name", 
"type", 
"length", 
"default_value", 
"is_auto_number")
 VALUES ('ed7ad57b-e99a-499c-af7a-baa32e00023d', 
'd1c7143d-8fad-4d5b-b160-6cde6460e368', 
'To', 
'to', 
30, 
0, 
'', 
false);
INSERT INTO "mendixsystem$attribute" ("id", 
"entity_id", 
"attribute_name", 
"column_name", 
"type", 
"length", 
"default_value", 
"is_auto_number")
 VALUES ('8071014f-5e60-4319-af42-7e7f34a891db', 
'd1c7143d-8fad-4d5b-b160-6cde6460e368', 
'From', 
'from', 
30, 
200, 
'', 
false);
INSERT INTO "mendixsystem$attribute" ("id", 
"entity_id", 
"attribute_name", 
"column_name", 
"type", 
"length", 
"default_value", 
"is_auto_number")
 VALUES ('4e037258-ae20-4be6-9a2f-3cc4edc7147f', 
'd1c7143d-8fad-4d5b-b160-6cde6460e368', 
'FromDisplayName', 
'fromdisplayname', 
30, 
500, 
'', 
false);
INSERT INTO "mendixsystem$attribute" ("id", 
"entity_id", 
"attribute_name", 
"column_name", 
"type", 
"length", 
"default_value", 
"is_auto_number")
 VALUES ('b1712d82-4698-4e7c-bed0-0cd1d9774154', 
'd1c7143d-8fad-4d5b-b160-6cde6460e368', 
'ReplyTo', 
'replyto', 
30, 
200, 
'', 
false);
INSERT INTO "mendixsystem$attribute" ("id", 
"entity_id", 
"attribute_name", 
"column_name", 
"type", 
"length", 
"default_value", 
"is_auto_number")
 VALUES ('365e5c1e-ec9a-4276-b3d2-d6de886aa5bb', 
'd1c7143d-8fad-4d5b-b160-6cde6460e368', 
'CC', 
'cc', 
30, 
0, 
'', 
false);
INSERT INTO "mendixsystem$attribute" ("id", 
"entity_id", 
"attribute_name", 
"column_name", 
"type", 
"length", 
"default_value", 
"is_auto_number")
 VALUES ('c95777c3-aad7-4b96-9fbc-1786b4d92384', 
'd1c7143d-8fad-4d5b-b160-6cde6460e368', 
'BCC', 
'bcc', 
30, 
0, 
'', 
false);
INSERT INTO "mendixsystem$attribute" ("id", 
"entity_id", 
"attribute_name", 
"column_name", 
"type", 
"length", 
"default_value", 
"is_auto_number")
 VALUES ('6b3b0244-7277-41a8-8f9c-c5dc29c711a6', 
'd1c7143d-8fad-4d5b-b160-6cde6460e368', 
'Subject', 
'subject', 
30, 
250, 
'', 
false);
INSERT INTO "mendixsystem$attribute" ("id", 
"entity_id", 
"attribute_name", 
"column_name", 
"type", 
"length", 
"default_value", 
"is_auto_number")
 VALUES ('51d8b86e-5622-49fb-98dc-7fe09469e0ee', 
'd1c7143d-8fad-4d5b-b160-6cde6460e368', 
'Date', 
'date', 
20, 
0, 
'', 
false);
INSERT INTO "mendixsystem$attribute" ("id", 
"entity_id", 
"attribute_name", 
"column_name", 
"type", 
"length", 
"default_value", 
"is_auto_number")
 VALUES ('cd55f6ed-fa52-456d-ac48-6152c431fc8d', 
'd1c7143d-8fad-4d5b-b160-6cde6460e368', 
'UseOnlyPlainText', 
'useonlyplaintext', 
10, 
0, 
'false', 
false);
INSERT INTO "mendixsystem$attribute" ("id", 
"entity_id", 
"attribute_name", 
"column_name", 
"type", 
"length", 
"default_value", 
"is_auto_number")
 VALUES ('be49ac11-c66a-48b4-ab28-055095a345e5', 
'd1c7143d-8fad-4d5b-b160-6cde6460e368', 
'HtmlBody', 
'htmlbody', 
30, 
0, 
'', 
false);
INSERT INTO "mendixsystem$attribute" ("id", 
"entity_id", 
"attribute_name", 
"column_name", 
"type", 
"length", 
"default_value", 
"is_auto_number")
 VALUES ('02d3d8fa-b2f6-4751-be0f-34ff36226880', 
'd1c7143d-8fad-4d5b-b160-6cde6460e368', 
'PlainBody', 
'plainbody', 
30, 
0, 
'', 
false);
INSERT INTO "mendixsystem$attribute" ("id", 
"entity_id", 
"attribute_name", 
"column_name", 
"type", 
"length", 
"default_value", 
"is_auto_number")
 VALUES ('c80b43fe-716b-4fa1-9189-351fb90f043b', 
'd1c7143d-8fad-4d5b-b160-6cde6460e368', 
'Queued', 
'queued', 
10, 
0, 
'false', 
false);
INSERT INTO "mendixsystem$attribute" ("id", 
"entity_id", 
"attribute_name", 
"column_name", 
"type", 
"length", 
"default_value", 
"is_auto_number")
 VALUES ('a3ecfbe5-597f-451e-97e9-960d14ef9689', 
'd1c7143d-8fad-4d5b-b160-6cde6460e368', 
'Attempts', 
'attempts', 
3, 
0, 
'0', 
false);
INSERT INTO "mendixsystem$attribute" ("id", 
"entity_id", 
"attribute_name", 
"column_name", 
"type", 
"length", 
"default_value", 
"is_auto_number")
 VALUES ('1e5c32e7-5b07-4cb2-84c4-56988814601c', 
'd1c7143d-8fad-4d5b-b160-6cde6460e368', 
'DateSent', 
'datesent', 
20, 
0, 
'', 
false);
INSERT INTO "mendixsystem$attribute" ("id", 
"entity_id", 
"attribute_name", 
"column_name", 
"type", 
"length", 
"default_value", 
"is_auto_number")
 VALUES ('30102d60-03cf-4664-910f-985c4ecaa44d', 
'd1c7143d-8fad-4d5b-b160-6cde6460e368', 
'LastError', 
'lasterror', 
30, 
0, 
'', 
false);
INSERT INTO "mendixsystem$attribute" ("id", 
"entity_id", 
"attribute_name", 
"column_name", 
"type", 
"length", 
"default_value", 
"is_auto_number")
 VALUES ('6aba1324-a957-4507-875a-addd6f890417', 
'd1c7143d-8fad-4d5b-b160-6cde6460e368', 
'LastAttempt', 
'lastattempt', 
20, 
0, 
'', 
false);
INSERT INTO "mendixsystem$attribute" ("id", 
"entity_id", 
"attribute_name", 
"column_name", 
"type", 
"length", 
"default_value", 
"is_auto_number")
 VALUES ('54d4002d-0787-4873-8b0b-0fdfe12e2f7d', 
'd1c7143d-8fad-4d5b-b160-6cde6460e368', 
'Status', 
'status', 
40, 
6, 
'', 
false);
INSERT INTO "mendixsystem$index" ("id", 
"table_id", 
"index_name")
 VALUES ('2d6927c0-0a8a-4098-8028-8f4aa4d5b5a7', 
'd1c7143d-8fad-4d5b-b160-6cde6460e368', 
'idx_emailtemplate$email_queued_asc_status_asc_lastattempt_asc');
INSERT INTO "mendixsystem$index_column" ("index_id", 
"column_id", 
"sort_order", 
"ordinal")
 VALUES ('2d6927c0-0a8a-4098-8028-8f4aa4d5b5a7', 
'c80b43fe-716b-4fa1-9189-351fb90f043b', 
false, 
0);
INSERT INTO "mendixsystem$index_column" ("index_id", 
"column_id", 
"sort_order", 
"ordinal")
 VALUES ('2d6927c0-0a8a-4098-8028-8f4aa4d5b5a7', 
'54d4002d-0787-4873-8b0b-0fdfe12e2f7d', 
false, 
1);
INSERT INTO "mendixsystem$index_column" ("index_id", 
"column_id", 
"sort_order", 
"ordinal")
 VALUES ('2d6927c0-0a8a-4098-8028-8f4aa4d5b5a7', 
'6aba1324-a957-4507-875a-addd6f890417', 
false, 
2);
INSERT INTO "mendixsystem$index" ("id", 
"table_id", 
"index_name")
 VALUES ('2e6b253b-75a0-4671-a2a0-64de319801b3', 
'd1c7143d-8fad-4d5b-b160-6cde6460e368', 
'idx_emailtemplate$email_datesent_asc');
INSERT INTO "mendixsystem$index_column" ("index_id", 
"column_id", 
"sort_order", 
"ordinal")
 VALUES ('2e6b253b-75a0-4671-a2a0-64de319801b3', 
'1e5c32e7-5b07-4cb2-84c4-56988814601c', 
false, 
0);
INSERT INTO "mendixsystem$index" ("id", 
"table_id", 
"index_name")
 VALUES ('2f378342-304e-471f-b398-626cd4625e9e', 
'd1c7143d-8fad-4d5b-b160-6cde6460e368', 
'idx_emailtemplate$email_lastattempt_asc_queued_asc');
INSERT INTO "mendixsystem$index_column" ("index_id", 
"column_id", 
"sort_order", 
"ordinal")
 VALUES ('2f378342-304e-471f-b398-626cd4625e9e', 
'6aba1324-a957-4507-875a-addd6f890417', 
false, 
0);
INSERT INTO "mendixsystem$index_column" ("index_id", 
"column_id", 
"sort_order", 
"ordinal")
 VALUES ('2f378342-304e-471f-b398-626cd4625e9e', 
'c80b43fe-716b-4fa1-9189-351fb90f043b', 
false, 
1);
CREATE TABLE "emailtemplate$email_emailtemplate" (
	"emailtemplate$emailid" BIGINT NOT NULL,
	"emailtemplate$emailtemplateid" BIGINT NOT NULL,
	PRIMARY KEY("emailtemplate$emailid","emailtemplate$emailtemplateid"),
	CONSTRAINT "uniq_emailtemplate$email_emailtemplate_emailtemplate$emailid" UNIQUE ("emailtemplate$emailid"));
CREATE INDEX "idx_emailtemplate$email_emailtemplate_emailtemplate$emailtemplate_emailtemplate$email" ON "emailtemplate$email_emailtemplate" ("emailtemplate$emailtemplateid" ASC,"emailtemplate$emailid" ASC);
INSERT INTO "mendixsystem$association" ("id", 
"association_name", 
"table_name", 
"parent_entity_id", 
"child_entity_id", 
"parent_column_name", 
"child_column_name", 
"index_name")
 VALUES ('c235c299-2d92-4a49-a18b-b5e0b3a8fffc', 
'EmailTemplate.Email_EmailTemplate', 
'emailtemplate$email_emailtemplate', 
'd1c7143d-8fad-4d5b-b160-6cde6460e368', 
'946dfdd3-1405-47af-9d2d-ce241621e0fc', 
'emailtemplate$emailid', 
'emailtemplate$emailtemplateid', 
'idx_emailtemplate$email_emailtemplate_emailtemplate$emailtemplate_emailtemplate$email');
INSERT INTO "mendixsystem$unique_constraint" ("name", 
"table_id", 
"column_id")
 VALUES ('uniq_emailtemplate$email_emailtemplate_emailtemplate$emailid', 
'c235c299-2d92-4a49-a18b-b5e0b3a8fffc', 
'ce92a833-8f61-3010-8184-90f486970eb8');
CREATE TABLE "mxmodelreflection$microflows" (
	"id" BIGINT NOT NULL,
	"name" VARCHAR_IGNORECASE(200) NULL,
	"module" VARCHAR_IGNORECASE(200) NULL,
	"completename" VARCHAR_IGNORECASE(200) NULL,
	"createddate" TIMESTAMP NULL,
	"changeddate" TIMESTAMP NULL,
	"system$changedby" BIGINT NULL,
	"system$owner" BIGINT NULL,
	PRIMARY KEY("id"));
CREATE INDEX "idx_mxmodelreflection$microflows_system$changedby" ON "mxmodelreflection$microflows" ("system$changedby" ASC,"id" ASC);
CREATE INDEX "idx_mxmodelreflection$microflows_system$owner" ON "mxmodelreflection$microflows" ("system$owner" ASC,"id" ASC);
INSERT INTO "mendixsystem$entity" ("id", 
"entity_name", 
"table_name", 
"remote", 
"remote_primary_key")
 VALUES ('bcf8cd80-a82c-4865-b2af-096494ffc48b', 
'MxModelReflection.Microflows', 
'mxmodelreflection$microflows', 
false, 
false);
INSERT INTO "mendixsystem$attribute" ("id", 
"entity_id", 
"attribute_name", 
"column_name", 
"type", 
"length", 
"default_value", 
"is_auto_number")
 VALUES ('49d098ed-bedd-4fb5-8a8a-ce32721ed8f6', 
'bcf8cd80-a82c-4865-b2af-096494ffc48b', 
'Name', 
'name', 
30, 
200, 
'', 
false);
INSERT INTO "mendixsystem$attribute" ("id", 
"entity_id", 
"attribute_name", 
"column_name", 
"type", 
"length", 
"default_value", 
"is_auto_number")
 VALUES ('125e1d3d-42a9-4ed8-bcac-bac80766d9f5', 
'bcf8cd80-a82c-4865-b2af-096494ffc48b', 
'Module', 
'module', 
30, 
200, 
'', 
false);
INSERT INTO "mendixsystem$attribute" ("id", 
"entity_id", 
"attribute_name", 
"column_name", 
"type", 
"length", 
"default_value", 
"is_auto_number")
 VALUES ('3362f585-6970-442c-a06a-3f4e029b98b9', 
'bcf8cd80-a82c-4865-b2af-096494ffc48b', 
'CompleteName', 
'completename', 
30, 
200, 
'', 
false);
INSERT INTO "mendixsystem$attribute" ("id", 
"entity_id", 
"attribute_name", 
"column_name", 
"type", 
"length", 
"default_value", 
"is_auto_number")
 VALUES ('0637b687-0db9-371e-8216-89e3f9871d04', 
'bcf8cd80-a82c-4865-b2af-096494ffc48b', 
'createdDate', 
'createddate', 
20, 
0, 
'', 
false);
INSERT INTO "mendixsystem$attribute" ("id", 
"entity_id", 
"attribute_name", 
"column_name", 
"type", 
"length", 
"default_value", 
"is_auto_number")
 VALUES ('6032254e-6e2c-3c4a-943f-de14ad1c73bb', 
'bcf8cd80-a82c-4865-b2af-096494ffc48b', 
'changedDate', 
'changeddate', 
20, 
0, 
'', 
false);
INSERT INTO "mendixsystem$index" ("id", 
"table_id", 
"index_name")
 VALUES ('d1a89da8-d180-3670-9ebd-2b60c35bb97c', 
'bcf8cd80-a82c-4865-b2af-096494ffc48b', 
'idx_mxmodelreflection$microflows_system$changedby');
INSERT INTO "mendixsystem$index_column" ("index_id", 
"column_id", 
"sort_order", 
"ordinal")
 VALUES ('d1a89da8-d180-3670-9ebd-2b60c35bb97c', 
'e4ac836f-0a44-3189-9fbb-a974af00e17b', 
false, 
0);
INSERT INTO "mendixsystem$index" ("id", 
"table_id", 
"index_name")
 VALUES ('75e554c0-19e4-3069-b255-ffd523299ef0', 
'bcf8cd80-a82c-4865-b2af-096494ffc48b', 
'idx_mxmodelreflection$microflows_system$owner');
INSERT INTO "mendixsystem$index_column" ("index_id", 
"column_id", 
"sort_order", 
"ordinal")
 VALUES ('75e554c0-19e4-3069-b255-ffd523299ef0', 
'9431e93f-1a1e-3d27-9282-3acd57b30f3d', 
false, 
0);
INSERT INTO "mendixsystem$association" ("id", 
"association_name", 
"table_name", 
"parent_entity_id", 
"child_entity_id", 
"parent_column_name", 
"child_column_name")
 VALUES ('e4ac836f-0a44-3189-9fbb-a974af00e17b', 
'System.changedBy', 
'system$changedby', 
'bcf8cd80-a82c-4865-b2af-096494ffc48b', 
'282e2e60-88a5-469d-84a5-ba8d9151644f', 
'id', 
'system$changedby');
INSERT INTO "mendixsystem$association" ("id", 
"association_name", 
"table_name", 
"parent_entity_id", 
"child_entity_id", 
"parent_column_name", 
"child_column_name")
 VALUES ('9431e93f-1a1e-3d27-9282-3acd57b30f3d', 
'System.owner', 
'system$owner', 
'bcf8cd80-a82c-4865-b2af-096494ffc48b', 
'282e2e60-88a5-469d-84a5-ba8d9151644f', 
'id', 
'system$owner');
CREATE TABLE "mxmodelreflection$microflows_output_type" (
	"mxmodelreflection$microflowsid" BIGINT NOT NULL,
	"mxmodelreflection$valuetypeid" BIGINT NOT NULL,
	PRIMARY KEY("mxmodelreflection$microflowsid","mxmodelreflection$valuetypeid"),
	CONSTRAINT "uniq_mxmodelreflection$microflows_output_type_mxmodelreflection$microflowsid" UNIQUE ("mxmodelreflection$microflowsid"));
CREATE INDEX "idx_mxmodelreflection$microflows_output_type_mxmodelreflection$valuetype_mxmodelreflection$microflows" ON "mxmodelreflection$microflows_output_type" ("mxmodelreflection$valuetypeid" ASC,"mxmodelreflection$microflowsid" ASC);
INSERT INTO "mendixsystem$association" ("id", 
"association_name", 
"table_name", 
"parent_entity_id", 
"child_entity_id", 
"parent_column_name", 
"child_column_name", 
"index_name")
 VALUES ('f67e395e-7b17-4587-b4f4-86e0ce7b157e', 
'MxModelReflection.Microflows_Output_Type', 
'mxmodelreflection$microflows_output_type', 
'bcf8cd80-a82c-4865-b2af-096494ffc48b', 
'8b506761-81c2-4993-b4b8-55aca4356556', 
'mxmodelreflection$microflowsid', 
'mxmodelreflection$valuetypeid', 
'idx_mxmodelreflection$microflows_output_type_mxmodelreflection$valuetype_mxmodelreflection$microflows');
INSERT INTO "mendixsystem$unique_constraint" ("name", 
"table_id", 
"column_id")
 VALUES ('uniq_mxmodelreflection$microflows_output_type_mxmodelreflection$microflowsid', 
'f67e395e-7b17-4587-b4f4-86e0ce7b157e', 
'a7efc13b-9d6f-3de5-a8a1-56bcd6212c41');
CREATE TABLE "mxmodelreflection$microflows_module" (
	"mxmodelreflection$microflowsid" BIGINT NOT NULL,
	"mxmodelreflection$moduleid" BIGINT NOT NULL,
	PRIMARY KEY("mxmodelreflection$microflowsid","mxmodelreflection$moduleid"),
	CONSTRAINT "uniq_mxmodelreflection$microflows_module_mxmodelreflection$microflowsid" UNIQUE ("mxmodelreflection$microflowsid"));
CREATE INDEX "idx_mxmodelreflection$microflows_module_mxmodelreflection$module_mxmodelreflection$microflows" ON "mxmodelreflection$microflows_module" ("mxmodelreflection$moduleid" ASC,"mxmodelreflection$microflowsid" ASC);
INSERT INTO "mendixsystem$association" ("id", 
"association_name", 
"table_name", 
"parent_entity_id", 
"child_entity_id", 
"parent_column_name", 
"child_column_name", 
"index_name")
 VALUES ('1c035c3c-7e36-43a9-8b0b-e45c1cbc53cc', 
'MxModelReflection.Microflows_Module', 
'mxmodelreflection$microflows_module', 
'bcf8cd80-a82c-4865-b2af-096494ffc48b', 
'6162a266-a4df-4d47-a002-58657fe55e48', 
'mxmodelreflection$microflowsid', 
'mxmodelreflection$moduleid', 
'idx_mxmodelreflection$microflows_module_mxmodelreflection$module_mxmodelreflection$microflows');
INSERT INTO "mendixsystem$unique_constraint" ("name", 
"table_id", 
"column_id")
 VALUES ('uniq_mxmodelreflection$microflows_module_mxmodelreflection$microflowsid', 
'1c035c3c-7e36-43a9-8b0b-e45c1cbc53cc', 
'd3a068af-d7d0-3967-b2f5-8c25c5461b02');
CREATE TABLE "mxmodelreflection$microflows_inputparameter" (
	"mxmodelreflection$microflowsid" BIGINT NOT NULL,
	"mxmodelreflection$parameterid" BIGINT NOT NULL,
	PRIMARY KEY("mxmodelreflection$microflowsid","mxmodelreflection$parameterid"));
CREATE INDEX "idx_mxmodelreflection$microflows_inputparameter_mxmodelreflection$parameter_mxmodelreflection$microflows" ON "mxmodelreflection$microflows_inputparameter" ("mxmodelreflection$parameterid" ASC,"mxmodelreflection$microflowsid" ASC);
INSERT INTO "mendixsystem$association" ("id", 
"association_name", 
"table_name", 
"parent_entity_id", 
"child_entity_id", 
"parent_column_name", 
"child_column_name", 
"index_name")
 VALUES ('da105519-0ac7-4379-9463-119615f70f2c', 
'MxModelReflection.Microflows_InputParameter', 
'mxmodelreflection$microflows_inputparameter', 
'bcf8cd80-a82c-4865-b2af-096494ffc48b', 
'cac94a36-2be0-4f75-8813-33c1c6abb116', 
'mxmodelreflection$microflowsid', 
'mxmodelreflection$parameterid', 
'idx_mxmodelreflection$microflows_inputparameter_mxmodelreflection$parameter_mxmodelreflection$microflows');
CREATE TABLE "mxmodelreflection$mxobjectenum" (
	"id" BIGINT NOT NULL,
	PRIMARY KEY("id"));
INSERT INTO "mendixsystem$entity" ("id", 
"entity_name", 
"table_name", 
"superentity_id", 
"remote", 
"remote_primary_key")
 VALUES ('93eedcfe-8145-4ec0-8b0b-6d231f1001dc', 
'MxModelReflection.MxObjectEnum', 
'mxmodelreflection$mxobjectenum', 
'69a067b5-3545-4ce0-a470-5c30d9a4e458', 
false, 
false);
CREATE TABLE "mxmodelreflection$values" (
	"mxmodelreflection$mxobjectenumid" BIGINT NOT NULL,
	"mxmodelreflection$mxobjectenumvalueid" BIGINT NOT NULL,
	PRIMARY KEY("mxmodelreflection$mxobjectenumid","mxmodelreflection$mxobjectenumvalueid"));
CREATE INDEX "idx_mxmodelreflection$values_mxmodelreflection$mxobjectenumvalue_mxmodelreflection$mxobjectenum" ON "mxmodelreflection$values" ("mxmodelreflection$mxobjectenumvalueid" ASC,"mxmodelreflection$mxobjectenumid" ASC);
INSERT INTO "mendixsystem$association" ("id", 
"association_name", 
"table_name", 
"parent_entity_id", 
"child_entity_id", 
"parent_column_name", 
"child_column_name", 
"index_name")
 VALUES ('b9900b65-57b9-44e9-b13e-5a778c265b87', 
'MxModelReflection.Values', 
'mxmodelreflection$values', 
'93eedcfe-8145-4ec0-8b0b-6d231f1001dc', 
'612de788-563f-4c7d-80ba-d16a2e869ec6', 
'mxmodelreflection$mxobjectenumid', 
'mxmodelreflection$mxobjectenumvalueid', 
'idx_mxmodelreflection$values_mxmodelreflection$mxobjectenumvalue_mxmodelreflection$mxobjectenum');
CREATE TABLE "emailtemplate$oauthproviderdetails" (
	"id" BIGINT NOT NULL,
	"provider" VARCHAR_IGNORECASE(5) NULL,
	"clientid" VARCHAR_IGNORECASE(200) NULL,
	"clientsecret" VARCHAR_IGNORECASE(200) NULL,
	"tenantid" VARCHAR_IGNORECASE(200) NULL,
	PRIMARY KEY("id"),
	CONSTRAINT "uniq_emailtemplate$oauthproviderdetails_provider" UNIQUE ("provider"));
INSERT INTO "mendixsystem$entity" ("id", 
"entity_name", 
"table_name", 
"remote", 
"remote_primary_key")
 VALUES ('5d3fc210-b7ca-4eaa-9a47-42e46c19bf0d', 
'EmailTemplate.OAuthProviderDetails', 
'emailtemplate$oauthproviderdetails', 
false, 
false);
INSERT INTO "mendixsystem$attribute" ("id", 
"entity_id", 
"attribute_name", 
"column_name", 
"type", 
"length", 
"default_value", 
"is_auto_number")
 VALUES ('82412163-ff84-404b-91f4-d3044dd4265f', 
'5d3fc210-b7ca-4eaa-9a47-42e46c19bf0d', 
'Provider', 
'provider', 
40, 
5, 
'AZURE', 
false);
INSERT INTO "mendixsystem$attribute" ("id", 
"entity_id", 
"attribute_name", 
"column_name", 
"type", 
"length", 
"default_value", 
"is_auto_number")
 VALUES ('35277dea-8374-4498-b5ad-1c977e28d231', 
'5d3fc210-b7ca-4eaa-9a47-42e46c19bf0d', 
'ClientID', 
'clientid', 
30, 
200, 
'', 
false);
INSERT INTO "mendixsystem$attribute" ("id", 
"entity_id", 
"attribute_name", 
"column_name", 
"type", 
"length", 
"default_value", 
"is_auto_number")
 VALUES ('2f0fb3d1-7668-4d85-9ba6-7a914a029ace', 
'5d3fc210-b7ca-4eaa-9a47-42e46c19bf0d', 
'ClientSecret', 
'clientsecret', 
30, 
200, 
'', 
false);
INSERT INTO "mendixsystem$attribute" ("id", 
"entity_id", 
"attribute_name", 
"column_name", 
"type", 
"length", 
"default_value", 
"is_auto_number")
 VALUES ('8fe5d57a-c849-4de1-839f-f6ae2fed2fbe', 
'5d3fc210-b7ca-4eaa-9a47-42e46c19bf0d', 
'TenantID', 
'tenantid', 
30, 
200, 
'', 
false);
INSERT INTO "mendixsystem$unique_constraint" ("name", 
"table_id", 
"column_id")
 VALUES ('uniq_emailtemplate$oauthproviderdetails_provider', 
'5d3fc210-b7ca-4eaa-9a47-42e46c19bf0d', 
'82412163-ff84-404b-91f4-d3044dd4265f');
CREATE TABLE "encryption$exampleconfiguration" (
	"id" BIGINT NOT NULL,
	"title" VARCHAR_IGNORECASE(200) NULL,
	"username" VARCHAR_IGNORECASE(200) NULL,
	"password" VARCHAR_IGNORECASE(200) NULL,
	"createddate" TIMESTAMP NULL,
	PRIMARY KEY("id"));
INSERT INTO "mendixsystem$entity" ("id", 
"entity_name", 
"table_name", 
"remote", 
"remote_primary_key")
 VALUES ('64cc7f89-34a4-4332-89b5-3516d8950b8b', 
'Encryption.ExampleConfiguration', 
'encryption$exampleconfiguration', 
false, 
false);
INSERT INTO "mendixsystem$attribute" ("id", 
"entity_id", 
"attribute_name", 
"column_name", 
"type", 
"length", 
"default_value", 
"is_auto_number")
 VALUES ('e600a8c5-966c-43d1-baca-7ce9eeeb84ae', 
'64cc7f89-34a4-4332-89b5-3516d8950b8b', 
'Title', 
'title', 
30, 
200, 
'', 
false);
INSERT INTO "mendixsystem$attribute" ("id", 
"entity_id", 
"attribute_name", 
"column_name", 
"type", 
"length", 
"default_value", 
"is_auto_number")
 VALUES ('554c49eb-ff02-4d6a-818a-a50f1fd4502d', 
'64cc7f89-34a4-4332-89b5-3516d8950b8b', 
'Username', 
'username', 
30, 
200, 
'', 
false);
INSERT INTO "mendixsystem$attribute" ("id", 
"entity_id", 
"attribute_name", 
"column_name", 
"type", 
"length", 
"default_value", 
"is_auto_number")
 VALUES ('1da9b6df-c0f2-4d75-9628-61ee0f31afdf', 
'64cc7f89-34a4-4332-89b5-3516d8950b8b', 
'Password', 
'password', 
30, 
200, 
'', 
false);
INSERT INTO "mendixsystem$attribute" ("id", 
"entity_id", 
"attribute_name", 
"column_name", 
"type", 
"length", 
"default_value", 
"is_auto_number")
 VALUES ('f98c20b2-70ab-3360-9a58-fb68bec2080f', 
'64cc7f89-34a4-4332-89b5-3516d8950b8b', 
'createdDate', 
'createddate', 
20, 
0, 
'', 
false);
CREATE TABLE "mxmodelreflection$mxobjectenumvalue" (
	"id" BIGINT NOT NULL,
	"name" VARCHAR_IGNORECASE(200) NULL,
	"createddate" TIMESTAMP NULL,
	"changeddate" TIMESTAMP NULL,
	"system$owner" BIGINT NULL,
	"system$changedby" BIGINT NULL,
	PRIMARY KEY("id"));
CREATE INDEX "idx_mxmodelreflection$mxobjectenumvalue_system$owner" ON "mxmodelreflection$mxobjectenumvalue" ("system$owner" ASC,"id" ASC);
CREATE INDEX "idx_mxmodelreflection$mxobjectenumvalue_system$changedby" ON "mxmodelreflection$mxobjectenumvalue" ("system$changedby" ASC,"id" ASC);
INSERT INTO "mendixsystem$entity" ("id", 
"entity_name", 
"table_name", 
"remote", 
"remote_primary_key")
 VALUES ('612de788-563f-4c7d-80ba-d16a2e869ec6', 
'MxModelReflection.MxObjectEnumValue', 
'mxmodelreflection$mxobjectenumvalue', 
false, 
false);
INSERT INTO "mendixsystem$attribute" ("id", 
"entity_id", 
"attribute_name", 
"column_name", 
"type", 
"length", 
"default_value", 
"is_auto_number")
 VALUES ('b0a4372e-a534-4a8a-9969-60cc1ae00065', 
'612de788-563f-4c7d-80ba-d16a2e869ec6', 
'Name', 
'name', 
30, 
200, 
'', 
false);
INSERT INTO "mendixsystem$attribute" ("id", 
"entity_id", 
"attribute_name", 
"column_name", 
"type", 
"length", 
"default_value", 
"is_auto_number")
 VALUES ('e7faa9f9-d1fb-3303-98fa-7849612843a4', 
'612de788-563f-4c7d-80ba-d16a2e869ec6', 
'createdDate', 
'createddate', 
20, 
0, 
'', 
false);
INSERT INTO "mendixsystem$attribute" ("id", 
"entity_id", 
"attribute_name", 
"column_name", 
"type", 
"length", 
"default_value", 
"is_auto_number")
 VALUES ('0523e27f-d9e1-3a30-a9fb-098075e59acc', 
'612de788-563f-4c7d-80ba-d16a2e869ec6', 
'changedDate', 
'changeddate', 
20, 
0, 
'', 
false);
INSERT INTO "mendixsystem$index" ("id", 
"table_id", 
"index_name")
 VALUES ('3955b010-9967-3a00-a030-213a4245d647', 
'612de788-563f-4c7d-80ba-d16a2e869ec6', 
'idx_mxmodelreflection$mxobjectenumvalue_system$owner');
INSERT INTO "mendixsystem$index_column" ("index_id", 
"column_id", 
"sort_order", 
"ordinal")
 VALUES ('3955b010-9967-3a00-a030-213a4245d647', 
'c338ceff-9fb6-3ba3-86bb-e2cae5faae29', 
false, 
0);
INSERT INTO "mendixsystem$index" ("id", 
"table_id", 
"index_name")
 VALUES ('b05cbe70-35da-3d9c-834b-f1a030c6b0a7', 
'612de788-563f-4c7d-80ba-d16a2e869ec6', 
'idx_mxmodelreflection$mxobjectenumvalue_system$changedby');
INSERT INTO "mendixsystem$index_column" ("index_id", 
"column_id", 
"sort_order", 
"ordinal")
 VALUES ('b05cbe70-35da-3d9c-834b-f1a030c6b0a7', 
'7b17bd21-105f-3383-9a0c-14f85deab15d', 
false, 
0);
INSERT INTO "mendixsystem$association" ("id", 
"association_name", 
"table_name", 
"parent_entity_id", 
"child_entity_id", 
"parent_column_name", 
"child_column_name")
 VALUES ('c338ceff-9fb6-3ba3-86bb-e2cae5faae29', 
'System.owner', 
'system$owner', 
'612de788-563f-4c7d-80ba-d16a2e869ec6', 
'282e2e60-88a5-469d-84a5-ba8d9151644f', 
'id', 
'system$owner');
INSERT INTO "mendixsystem$association" ("id", 
"association_name", 
"table_name", 
"parent_entity_id", 
"child_entity_id", 
"parent_column_name", 
"child_column_name")
 VALUES ('7b17bd21-105f-3383-9a0c-14f85deab15d', 
'System.changedBy', 
'system$changedby', 
'612de788-563f-4c7d-80ba-d16a2e869ec6', 
'282e2e60-88a5-469d-84a5-ba8d9151644f', 
'id', 
'system$changedby');
CREATE TABLE "mxmodelreflection$captions" (
	"mxmodelreflection$mxobjectenumvalueid" BIGINT NOT NULL,
	"mxmodelreflection$mxobjectenumcaptionsid" BIGINT NOT NULL,
	PRIMARY KEY("mxmodelreflection$mxobjectenumvalueid","mxmodelreflection$mxobjectenumcaptionsid"));
CREATE INDEX "idx_mxmodelreflection$captions_mxmodelreflection$mxobjectenumcaptions_mxmodelreflection$mxobjectenumvalue" ON "mxmodelreflection$captions" ("mxmodelreflection$mxobjectenumcaptionsid" ASC,"mxmodelreflection$mxobjectenumvalueid" ASC);
INSERT INTO "mendixsystem$association" ("id", 
"association_name", 
"table_name", 
"parent_entity_id", 
"child_entity_id", 
"parent_column_name", 
"child_column_name", 
"index_name")
 VALUES ('76f1d98b-c002-4329-9d3d-64ad0ed6dbc4', 
'MxModelReflection.Captions', 
'mxmodelreflection$captions', 
'612de788-563f-4c7d-80ba-d16a2e869ec6', 
'5e53cdc2-ec1e-4a57-90df-1913cca8fefa', 
'mxmodelreflection$mxobjectenumvalueid', 
'mxmodelreflection$mxobjectenumcaptionsid', 
'idx_mxmodelreflection$captions_mxmodelreflection$mxobjectenumcaptions_mxmodelreflection$mxobjectenumvalue');
CREATE TABLE "emailtemplate$oautherrors" (
	"id" BIGINT NOT NULL,
	"httpstatuscode" INT NULL,
	"errortype" VARCHAR_IGNORECASE(200) NULL,
	"message" VARCHAR_IGNORECASE(2147483647) NULL,
	"traceid" VARCHAR_IGNORECASE(200) NULL,
	"correlationid" VARCHAR_IGNORECASE(200) NULL,
	"timestamp" VARCHAR_IGNORECASE(200) NULL,
	"errorcodes" VARCHAR_IGNORECASE(500) NULL,
	"createddate" TIMESTAMP NULL,
	PRIMARY KEY("id"));
INSERT INTO "mendixsystem$entity" ("id", 
"entity_name", 
"table_name", 
"remote", 
"remote_primary_key")
 VALUES ('ac5360ea-e2d5-4423-a8a4-28f45816113b', 
'EmailTemplate.OAuthErrors', 
'emailtemplate$oautherrors', 
false, 
false);
INSERT INTO "mendixsystem$attribute" ("id", 
"entity_id", 
"attribute_name", 
"column_name", 
"type", 
"length", 
"default_value", 
"is_auto_number")
 VALUES ('17f7a4d2-c331-4e0d-9e7b-67814af7b39f', 
'ac5360ea-e2d5-4423-a8a4-28f45816113b', 
'HTTPStatusCode', 
'httpstatuscode', 
3, 
0, 
'0', 
false);
INSERT INTO "mendixsystem$attribute" ("id", 
"entity_id", 
"attribute_name", 
"column_name", 
"type", 
"length", 
"default_value", 
"is_auto_number")
 VALUES ('84711172-795f-4a62-a662-8b541052b8b1', 
'ac5360ea-e2d5-4423-a8a4-28f45816113b', 
'ErrorType', 
'errortype', 
30, 
200, 
'', 
false);
INSERT INTO "mendixsystem$attribute" ("id", 
"entity_id", 
"attribute_name", 
"column_name", 
"type", 
"length", 
"default_value", 
"is_auto_number")
 VALUES ('a6bd5ea7-1fc1-427d-aec6-0769434cd6b9', 
'ac5360ea-e2d5-4423-a8a4-28f45816113b', 
'Message', 
'message', 
30, 
0, 
'', 
false);
INSERT INTO "mendixsystem$attribute" ("id", 
"entity_id", 
"attribute_name", 
"column_name", 
"type", 
"length", 
"default_value", 
"is_auto_number")
 VALUES ('58caceb7-4333-4956-add2-1e9831d029d2', 
'ac5360ea-e2d5-4423-a8a4-28f45816113b', 
'TraceID', 
'traceid', 
30, 
200, 
'', 
false);
INSERT INTO "mendixsystem$attribute" ("id", 
"entity_id", 
"attribute_name", 
"column_name", 
"type", 
"length", 
"default_value", 
"is_auto_number")
 VALUES ('f7342e06-f3f2-4cc5-926e-3a93fda8e5a3', 
'ac5360ea-e2d5-4423-a8a4-28f45816113b', 
'CorrelationID', 
'correlationid', 
30, 
200, 
'', 
false);
INSERT INTO "mendixsystem$attribute" ("id", 
"entity_id", 
"attribute_name", 
"column_name", 
"type", 
"length", 
"default_value", 
"is_auto_number")
 VALUES ('3a47189b-4499-41eb-b9f5-3208b74826d4', 
'ac5360ea-e2d5-4423-a8a4-28f45816113b', 
'Timestamp', 
'timestamp', 
30, 
200, 
'', 
false);
INSERT INTO "mendixsystem$attribute" ("id", 
"entity_id", 
"attribute_name", 
"column_name", 
"type", 
"length", 
"default_value", 
"is_auto_number")
 VALUES ('700fe2e1-def9-46a9-b30e-e110b925f5c6', 
'ac5360ea-e2d5-4423-a8a4-28f45816113b', 
'ErrorCodes', 
'errorcodes', 
30, 
500, 
'', 
false);
INSERT INTO "mendixsystem$attribute" ("id", 
"entity_id", 
"attribute_name", 
"column_name", 
"type", 
"length", 
"default_value", 
"is_auto_number")
 VALUES ('3a7310ef-779f-3129-9d31-b71a992d4ad6', 
'ac5360ea-e2d5-4423-a8a4-28f45816113b', 
'createdDate', 
'createddate', 
20, 
0, 
'', 
false);
CREATE TABLE "emailtemplate$oautherrors_session" (
	"emailtemplate$oautherrorsid" BIGINT NOT NULL,
	"system$sessionid" BIGINT NOT NULL,
	PRIMARY KEY("emailtemplate$oautherrorsid","system$sessionid"),
	CONSTRAINT "uniq_emailtemplate$oautherrors_session_emailtemplate$oautherrorsid" UNIQUE ("emailtemplate$oautherrorsid"));
CREATE INDEX "idx_emailtemplate$oautherrors_session_system$session_emailtemplate$oautherrors" ON "emailtemplate$oautherrors_session" ("system$sessionid" ASC,"emailtemplate$oautherrorsid" ASC);
INSERT INTO "mendixsystem$association" ("id", 
"association_name", 
"table_name", 
"parent_entity_id", 
"child_entity_id", 
"parent_column_name", 
"child_column_name", 
"index_name")
 VALUES ('518e8d92-6738-4198-a72b-469a27e21e7a', 
'EmailTemplate.OAuthErrors_Session', 
'emailtemplate$oautherrors_session', 
'ac5360ea-e2d5-4423-a8a4-28f45816113b', 
'37f9fd49-5318-4c63-9a51-f761779b202f', 
'emailtemplate$oautherrorsid', 
'system$sessionid', 
'idx_emailtemplate$oautherrors_session_system$session_emailtemplate$oautherrors');
INSERT INTO "mendixsystem$unique_constraint" ("name", 
"table_id", 
"column_id")
 VALUES ('uniq_emailtemplate$oautherrors_session_emailtemplate$oautherrorsid', 
'518e8d92-6738-4198-a72b-469a27e21e7a', 
'2066c1e7-1988-3f6f-8739-5347887b1a84');
CREATE TABLE "emailtemplate$emailsettings" (
	"id" BIGINT NOT NULL,
	"username" VARCHAR_IGNORECASE(200) NULL,
	"password" VARCHAR_IGNORECASE(2147483647) NULL,
	"server" VARCHAR_IGNORECASE(200) NULL,
	"port" INT NULL,
	"fromaddress" VARCHAR_IGNORECASE(200) NULL,
	"fromdisplayname" VARCHAR_IGNORECASE(500) NULL,
	"usessl" BOOLEAN NULL,
	"usetls" BOOLEAN NULL,
	"maxattempts" INT NULL,
	"usesslcheckserveridentity" BOOLEAN NULL,
	"isoauthused" BOOLEAN NULL,
	"createddate" TIMESTAMP NULL,
	"changeddate" TIMESTAMP NULL,
	"system$changedby" BIGINT NULL,
	"system$owner" BIGINT NULL,
	PRIMARY KEY("id"));
CREATE INDEX "idx_emailtemplate$emailsettings_system$changedby" ON "emailtemplate$emailsettings" ("system$changedby" ASC,"id" ASC);
CREATE INDEX "idx_emailtemplate$emailsettings_system$owner" ON "emailtemplate$emailsettings" ("system$owner" ASC,"id" ASC);
INSERT INTO "mendixsystem$entity" ("id", 
"entity_name", 
"table_name", 
"remote", 
"remote_primary_key")
 VALUES ('03d65381-9c87-495f-953e-5132fbdc9538', 
'EmailTemplate.EmailSettings', 
'emailtemplate$emailsettings', 
false, 
false);
INSERT INTO "mendixsystem$attribute" ("id", 
"entity_id", 
"attribute_name", 
"column_name", 
"type", 
"length", 
"default_value", 
"is_auto_number")
 VALUES ('8a3e113f-333d-4fff-8e06-4e1318cc25dd', 
'03d65381-9c87-495f-953e-5132fbdc9538', 
'UserName', 
'username', 
30, 
200, 
'', 
false);
INSERT INTO "mendixsystem$attribute" ("id", 
"entity_id", 
"attribute_name", 
"column_name", 
"type", 
"length", 
"default_value", 
"is_auto_number")
 VALUES ('cdbc7a34-ae5a-4808-a6d8-ef642f6d03c0', 
'03d65381-9c87-495f-953e-5132fbdc9538', 
'Password', 
'password', 
30, 
0, 
'', 
false);
INSERT INTO "mendixsystem$attribute" ("id", 
"entity_id", 
"attribute_name", 
"column_name", 
"type", 
"length", 
"default_value", 
"is_auto_number")
 VALUES ('d478f066-4856-47f2-905c-e773657c3afe', 
'03d65381-9c87-495f-953e-5132fbdc9538', 
'Server', 
'server', 
30, 
200, 
'', 
false);
INSERT INTO "mendixsystem$attribute" ("id", 
"entity_id", 
"attribute_name", 
"column_name", 
"type", 
"length", 
"default_value", 
"is_auto_number")
 VALUES ('200131f1-470f-4cdd-9eed-b8f2e15f7771', 
'03d65381-9c87-495f-953e-5132fbdc9538', 
'Port', 
'port', 
3, 
0, 
'', 
false);
INSERT INTO "mendixsystem$attribute" ("id", 
"entity_id", 
"attribute_name", 
"column_name", 
"type", 
"length", 
"default_value", 
"is_auto_number")
 VALUES ('bc2909e0-e8c8-465f-af97-c33cdb250126', 
'03d65381-9c87-495f-953e-5132fbdc9538', 
'FromAddress', 
'fromaddress', 
30, 
200, 
'', 
false);
INSERT INTO "mendixsystem$attribute" ("id", 
"entity_id", 
"attribute_name", 
"column_name", 
"type", 
"length", 
"default_value", 
"is_auto_number")
 VALUES ('26f9c161-4f1f-4a3b-9a5b-f8096e4ffd3f', 
'03d65381-9c87-495f-953e-5132fbdc9538', 
'FromDisplayName', 
'fromdisplayname', 
30, 
500, 
'', 
false);
INSERT INTO "mendixsystem$attribute" ("id", 
"entity_id", 
"attribute_name", 
"column_name", 
"type", 
"length", 
"default_value", 
"is_auto_number")
 VALUES ('f82d0ca3-3a7d-48e6-a400-473830246aab', 
'03d65381-9c87-495f-953e-5132fbdc9538', 
'UseSSL', 
'usessl', 
10, 
0, 
'false', 
false);
INSERT INTO "mendixsystem$attribute" ("id", 
"entity_id", 
"attribute_name", 
"column_name", 
"type", 
"length", 
"default_value", 
"is_auto_number")
 VALUES ('de8bd453-0084-42be-bc90-58986bca05c9', 
'03d65381-9c87-495f-953e-5132fbdc9538', 
'UseTLS', 
'usetls', 
10, 
0, 
'false', 
false);
INSERT INTO "mendixsystem$attribute" ("id", 
"entity_id", 
"attribute_name", 
"column_name", 
"type", 
"length", 
"default_value", 
"is_auto_number")
 VALUES ('ff532528-5a29-4f17-b776-52188f240a2d', 
'03d65381-9c87-495f-953e-5132fbdc9538', 
'MaxAttempts', 
'maxattempts', 
3, 
0, 
'10', 
false);
INSERT INTO "mendixsystem$attribute" ("id", 
"entity_id", 
"attribute_name", 
"column_name", 
"type", 
"length", 
"default_value", 
"is_auto_number")
 VALUES ('b9bccbac-6546-4ed8-b8da-9bdb7671d3db', 
'03d65381-9c87-495f-953e-5132fbdc9538', 
'UseSSLCheckServerIdentity', 
'usesslcheckserveridentity', 
10, 
0, 
'false', 
false);
INSERT INTO "mendixsystem$attribute" ("id", 
"entity_id", 
"attribute_name", 
"column_name", 
"type", 
"length", 
"default_value", 
"is_auto_number")
 VALUES ('68338e4c-3226-4fe6-b4eb-9599ace2624a', 
'03d65381-9c87-495f-953e-5132fbdc9538', 
'isOAuthUsed', 
'isoauthused', 
10, 
0, 
'false', 
false);
INSERT INTO "mendixsystem$attribute" ("id", 
"entity_id", 
"attribute_name", 
"column_name", 
"type", 
"length", 
"default_value", 
"is_auto_number")
 VALUES ('196d83c6-10f6-30c8-9e94-9e371bf8409f', 
'03d65381-9c87-495f-953e-5132fbdc9538', 
'createdDate', 
'createddate', 
20, 
0, 
'', 
false);
INSERT INTO "mendixsystem$attribute" ("id", 
"entity_id", 
"attribute_name", 
"column_name", 
"type", 
"length", 
"default_value", 
"is_auto_number")
 VALUES ('192e1dac-e6be-33cf-adfc-199fa1855697', 
'03d65381-9c87-495f-953e-5132fbdc9538', 
'changedDate', 
'changeddate', 
20, 
0, 
'', 
false);
INSERT INTO "mendixsystem$index" ("id", 
"table_id", 
"index_name")
 VALUES ('c92844d2-e9ff-324c-a77d-e6cc78a43f16', 
'03d65381-9c87-495f-953e-5132fbdc9538', 
'idx_emailtemplate$emailsettings_system$changedby');
INSERT INTO "mendixsystem$index_column" ("index_id", 
"column_id", 
"sort_order", 
"ordinal")
 VALUES ('c92844d2-e9ff-324c-a77d-e6cc78a43f16', 
'f65da37f-50ca-397b-bdb7-633fac439b6c', 
false, 
0);
INSERT INTO "mendixsystem$index" ("id", 
"table_id", 
"index_name")
 VALUES ('6a699d37-9fd7-3b97-96d4-b2d810946089', 
'03d65381-9c87-495f-953e-5132fbdc9538', 
'idx_emailtemplate$emailsettings_system$owner');
INSERT INTO "mendixsystem$index_column" ("index_id", 
"column_id", 
"sort_order", 
"ordinal")
 VALUES ('6a699d37-9fd7-3b97-96d4-b2d810946089', 
'74c61f91-07e4-3f42-b6f3-57352bf0938e', 
false, 
0);
INSERT INTO "mendixsystem$association" ("id", 
"association_name", 
"table_name", 
"parent_entity_id", 
"child_entity_id", 
"parent_column_name", 
"child_column_name")
 VALUES ('f65da37f-50ca-397b-bdb7-633fac439b6c', 
'System.changedBy', 
'system$changedby', 
'03d65381-9c87-495f-953e-5132fbdc9538', 
'282e2e60-88a5-469d-84a5-ba8d9151644f', 
'id', 
'system$changedby');
INSERT INTO "mendixsystem$association" ("id", 
"association_name", 
"table_name", 
"parent_entity_id", 
"child_entity_id", 
"parent_column_name", 
"child_column_name")
 VALUES ('74c61f91-07e4-3f42-b6f3-57352bf0938e', 
'System.owner', 
'system$owner', 
'03d65381-9c87-495f-953e-5132fbdc9538', 
'282e2e60-88a5-469d-84a5-ba8d9151644f', 
'id', 
'system$owner');
CREATE TABLE "emailtemplate$emailsettings_oauthproviderdetails" (
	"emailtemplate$emailsettingsid" BIGINT NOT NULL,
	"emailtemplate$oauthproviderdetailsid" BIGINT NOT NULL,
	PRIMARY KEY("emailtemplate$emailsettingsid","emailtemplate$oauthproviderdetailsid"),
	CONSTRAINT "uniq_emailtemplate$emailsettings_oauthproviderdetails_emailtemplate$emailsettingsid" UNIQUE ("emailtemplate$emailsettingsid"));
CREATE INDEX "idx_emailtemplate$emailsettings_oauthproviderdetails_emailtemplate$oauthproviderdetails_emailtemplate$emailsettings" ON "emailtemplate$emailsettings_oauthproviderdetails" ("emailtemplate$oauthproviderdetailsid" ASC,"emailtemplate$emailsettingsid" ASC);
INSERT INTO "mendixsystem$association" ("id", 
"association_name", 
"table_name", 
"parent_entity_id", 
"child_entity_id", 
"parent_column_name", 
"child_column_name", 
"index_name")
 VALUES ('24fe3edb-a27f-47fc-9012-02cf80610d93', 
'EmailTemplate.EmailSettings_OAuthProviderDetails', 
'emailtemplate$emailsettings_oauthproviderdetails', 
'03d65381-9c87-495f-953e-5132fbdc9538', 
'5d3fc210-b7ca-4eaa-9a47-42e46c19bf0d', 
'emailtemplate$emailsettingsid', 
'emailtemplate$oauthproviderdetailsid', 
'idx_emailtemplate$emailsettings_oauthproviderdetails_emailtemplate$oauthproviderdetails_emailtemplate$emailsettings');
INSERT INTO "mendixsystem$unique_constraint" ("name", 
"table_id", 
"column_id")
 VALUES ('uniq_emailtemplate$emailsettings_oauthproviderdetails_emailtemplate$emailsettingsid', 
'24fe3edb-a27f-47fc-9012-02cf80610d93', 
'82a76c5f-aeca-343f-8d5f-865e45032ce9');
CREATE TABLE "mxmodelreflection$dbsizeestimate" (
	"id" BIGINT NOT NULL,
	"nrofrecords" INT NULL,
	"calculatedsizeinbytes" BIGINT NULL,
	"calculatedsizeinkilobytes" BIGINT NULL,
	"findobjecttype" VARCHAR_IGNORECASE(200) NULL,
	PRIMARY KEY("id"));
INSERT INTO "mendixsystem$entity" ("id", 
"entity_name", 
"table_name", 
"remote", 
"remote_primary_key")
 VALUES ('78bcf05e-d0a5-46a0-b616-fd7c692d1f19', 
'MxModelReflection.DbSizeEstimate', 
'mxmodelreflection$dbsizeestimate', 
false, 
false);
INSERT INTO "mendixsystem$attribute" ("id", 
"entity_id", 
"attribute_name", 
"column_name", 
"type", 
"length", 
"default_value", 
"is_auto_number")
 VALUES ('92f9850f-30ff-48cc-8a9a-5ae207aed415', 
'78bcf05e-d0a5-46a0-b616-fd7c692d1f19', 
'NrOfRecords', 
'nrofrecords', 
3, 
0, 
'', 
false);
INSERT INTO "mendixsystem$attribute" ("id", 
"entity_id", 
"attribute_name", 
"column_name", 
"type", 
"length", 
"default_value", 
"is_auto_number")
 VALUES ('35e6a8f3-4e8e-4c65-a4bc-70dc08422e3f', 
'78bcf05e-d0a5-46a0-b616-fd7c692d1f19', 
'CalculatedSizeInBytes', 
'calculatedsizeinbytes', 
4, 
0, 
'0', 
false);
INSERT INTO "mendixsystem$attribute" ("id", 
"entity_id", 
"attribute_name", 
"column_name", 
"type", 
"length", 
"default_value", 
"is_auto_number")
 VALUES ('72bc6c61-5f87-4999-9696-79b17b790e82', 
'78bcf05e-d0a5-46a0-b616-fd7c692d1f19', 
'CalculatedSizeInKiloBytes', 
'calculatedsizeinkilobytes', 
4, 
0, 
'0', 
false);
INSERT INTO "mendixsystem$attribute" ("id", 
"entity_id", 
"attribute_name", 
"column_name", 
"type", 
"length", 
"default_value", 
"is_auto_number")
 VALUES ('fe7d8712-67e0-4edc-b882-ac648663d884', 
'78bcf05e-d0a5-46a0-b616-fd7c692d1f19', 
'FindObjectType', 
'findobjecttype', 
30, 
200, 
'', 
false);
CREATE TABLE "mxmodelreflection$dbsizeestimate_mxobjecttype" (
	"mxmodelreflection$dbsizeestimateid" BIGINT NOT NULL,
	"mxmodelreflection$mxobjecttypeid" BIGINT NOT NULL,
	PRIMARY KEY("mxmodelreflection$dbsizeestimateid","mxmodelreflection$mxobjecttypeid"),
	CONSTRAINT "uniq_mxmodelreflection$dbsizeestimate_mxobjecttype_mxmodelreflection$dbsizeestimateid" UNIQUE ("mxmodelreflection$dbsizeestimateid"));
CREATE INDEX "idx_mxmodelreflection$dbsizeestimate_mxobjecttype_mxmodelreflection$mxobjecttype_mxmodelreflection$dbsizeestimate" ON "mxmodelreflection$dbsizeestimate_mxobjecttype" ("mxmodelreflection$mxobjecttypeid" ASC,"mxmodelreflection$dbsizeestimateid" ASC);
INSERT INTO "mendixsystem$association" ("id", 
"association_name", 
"table_name", 
"parent_entity_id", 
"child_entity_id", 
"parent_column_name", 
"child_column_name", 
"index_name")
 VALUES ('66c8a665-0f41-4164-abba-7c7c79c5929f', 
'MxModelReflection.DbSizeEstimate_MxObjectType', 
'mxmodelreflection$dbsizeestimate_mxobjecttype', 
'78bcf05e-d0a5-46a0-b616-fd7c692d1f19', 
'2750feee-09aa-4b3a-abdc-807f553d0c73', 
'mxmodelreflection$dbsizeestimateid', 
'mxmodelreflection$mxobjecttypeid', 
'idx_mxmodelreflection$dbsizeestimate_mxobjecttype_mxmodelreflection$mxobjecttype_mxmodelreflection$dbsizeestimate');
INSERT INTO "mendixsystem$unique_constraint" ("name", 
"table_id", 
"column_id")
 VALUES ('uniq_mxmodelreflection$dbsizeestimate_mxobjecttype_mxmodelreflection$dbsizeestimateid', 
'66c8a665-0f41-4164-abba-7c7c79c5929f', 
'e88cc3a6-5819-38e2-a115-5b33f2bab846');
CREATE TABLE "mxmodelreflection$mxobjectmember" (
	"id" BIGINT NOT NULL,
	"attributename" VARCHAR_IGNORECASE(200) NULL,
	"attributetype" VARCHAR_IGNORECASE(200) NULL,
	"attributetypeenum" VARCHAR_IGNORECASE(11) NULL,
	"completename" VARCHAR_IGNORECASE(400) NULL,
	"descriptivename" VARCHAR_IGNORECASE(200) NULL,
	"fieldlength" INT NULL,
	"isvirtual" BOOLEAN NULL,
	"createddate" TIMESTAMP NULL,
	"changeddate" TIMESTAMP NULL,
	"submetaobjectname" VARCHAR_IGNORECASE(255) NULL,
	"system$changedby" BIGINT NULL,
	"system$owner" BIGINT NULL,
	PRIMARY KEY("id"));
CREATE INDEX "idx_mxmodelreflection$mxobjectmember_submetaobjectname_asc" ON "mxmodelreflection$mxobjectmember" ("submetaobjectname" ASC,"id" ASC);
CREATE INDEX "idx_mxmodelreflection$mxobjectmember_system$changedby" ON "mxmodelreflection$mxobjectmember" ("system$changedby" ASC,"id" ASC);
CREATE INDEX "idx_mxmodelreflection$mxobjectmember_system$owner" ON "mxmodelreflection$mxobjectmember" ("system$owner" ASC,"id" ASC);
INSERT INTO "mendixsystem$entity" ("id", 
"entity_name", 
"table_name", 
"remote", 
"remote_primary_key")
 VALUES ('69a067b5-3545-4ce0-a470-5c30d9a4e458', 
'MxModelReflection.MxObjectMember', 
'mxmodelreflection$mxobjectmember', 
false, 
false);
INSERT INTO "mendixsystem$attribute" ("id", 
"entity_id", 
"attribute_name", 
"column_name", 
"type", 
"length", 
"default_value", 
"is_auto_number")
 VALUES ('6e81555a-2c57-4c57-a3f2-3049d15dd2bf', 
'69a067b5-3545-4ce0-a470-5c30d9a4e458', 
'AttributeName', 
'attributename', 
30, 
200, 
'', 
false);
INSERT INTO "mendixsystem$attribute" ("id", 
"entity_id", 
"attribute_name", 
"column_name", 
"type", 
"length", 
"default_value", 
"is_auto_number")
 VALUES ('f13119b5-7675-49d2-9451-3b69f621fdfb', 
'69a067b5-3545-4ce0-a470-5c30d9a4e458', 
'AttributeType', 
'attributetype', 
30, 
200, 
'', 
false);
INSERT INTO "mendixsystem$attribute" ("id", 
"entity_id", 
"attribute_name", 
"column_name", 
"type", 
"length", 
"default_value", 
"is_auto_number")
 VALUES ('c26cf6d5-35da-4e52-9b33-27bd0fb48c83', 
'69a067b5-3545-4ce0-a470-5c30d9a4e458', 
'AttributeTypeEnum', 
'attributetypeenum', 
40, 
11, 
'', 
false);
INSERT INTO "mendixsystem$attribute" ("id", 
"entity_id", 
"attribute_name", 
"column_name", 
"type", 
"length", 
"default_value", 
"is_auto_number")
 VALUES ('ac97b777-3bf5-422e-be95-f5039404a119', 
'69a067b5-3545-4ce0-a470-5c30d9a4e458', 
'CompleteName', 
'completename', 
30, 
400, 
'', 
false);
INSERT INTO "mendixsystem$attribute" ("id", 
"entity_id", 
"attribute_name", 
"column_name", 
"type", 
"length", 
"default_value", 
"is_auto_number")
 VALUES ('69134f4f-ae59-453c-9fea-b60df31ef0e9', 
'69a067b5-3545-4ce0-a470-5c30d9a4e458', 
'DescriptiveName', 
'descriptivename', 
30, 
200, 
'', 
false);
INSERT INTO "mendixsystem$attribute" ("id", 
"entity_id", 
"attribute_name", 
"column_name", 
"type", 
"length", 
"default_value", 
"is_auto_number")
 VALUES ('c51d6a8c-cd6a-4b98-b384-5c24d4e7ed5f', 
'69a067b5-3545-4ce0-a470-5c30d9a4e458', 
'FieldLength', 
'fieldlength', 
3, 
0, 
'', 
false);
INSERT INTO "mendixsystem$attribute" ("id", 
"entity_id", 
"attribute_name", 
"column_name", 
"type", 
"length", 
"default_value", 
"is_auto_number")
 VALUES ('8e092fd7-2756-4066-b80b-61446f4df448', 
'69a067b5-3545-4ce0-a470-5c30d9a4e458', 
'IsVirtual', 
'isvirtual', 
10, 
0, 
'false', 
false);
INSERT INTO "mendixsystem$attribute" ("id", 
"entity_id", 
"attribute_name", 
"column_name", 
"type", 
"length", 
"default_value", 
"is_auto_number")
 VALUES ('17470a93-cffe-3597-bed9-5871ecb37148', 
'69a067b5-3545-4ce0-a470-5c30d9a4e458', 
'createdDate', 
'createddate', 
20, 
0, 
'', 
false);
INSERT INTO "mendixsystem$attribute" ("id", 
"entity_id", 
"attribute_name", 
"column_name", 
"type", 
"length", 
"default_value", 
"is_auto_number")
 VALUES ('e80d9f6e-4e91-3c06-9c50-90aa497fdc63', 
'69a067b5-3545-4ce0-a470-5c30d9a4e458', 
'changedDate', 
'changeddate', 
20, 
0, 
'', 
false);
INSERT INTO "mendixsystem$attribute" ("id", 
"entity_id", 
"attribute_name", 
"column_name", 
"type", 
"length", 
"default_value", 
"is_auto_number")
 VALUES ('4f43dace-bc14-3497-81f5-a50e14568470', 
'69a067b5-3545-4ce0-a470-5c30d9a4e458', 
'submetaobjectname', 
'submetaobjectname', 
30, 
255, 
'MxModelReflection.MxObjectMember', 
false);
INSERT INTO "mendixsystem$index" ("id", 
"table_id", 
"index_name")
 VALUES ('dba7ba7f-6893-33a8-a5ba-6040f627e443', 
'69a067b5-3545-4ce0-a470-5c30d9a4e458', 
'idx_mxmodelreflection$mxobjectmember_submetaobjectname_asc');
INSERT INTO "mendixsystem$index_column" ("index_id", 
"column_id", 
"sort_order", 
"ordinal")
 VALUES ('dba7ba7f-6893-33a8-a5ba-6040f627e443', 
'4f43dace-bc14-3497-81f5-a50e14568470', 
false, 
0);
INSERT INTO "mendixsystem$index" ("id", 
"table_id", 
"index_name")
 VALUES ('ea6de05c-dcb2-34bb-be06-8f2bbd4ea98d', 
'69a067b5-3545-4ce0-a470-5c30d9a4e458', 
'idx_mxmodelreflection$mxobjectmember_system$changedby');
INSERT INTO "mendixsystem$index_column" ("index_id", 
"column_id", 
"sort_order", 
"ordinal")
 VALUES ('ea6de05c-dcb2-34bb-be06-8f2bbd4ea98d', 
'afa4b3fc-039c-3141-b3f9-c1b9c928493f', 
false, 
0);
INSERT INTO "mendixsystem$index" ("id", 
"table_id", 
"index_name")
 VALUES ('0b165b8e-913a-3a2b-ab18-7faaef04df11', 
'69a067b5-3545-4ce0-a470-5c30d9a4e458', 
'idx_mxmodelreflection$mxobjectmember_system$owner');
INSERT INTO "mendixsystem$index_column" ("index_id", 
"column_id", 
"sort_order", 
"ordinal")
 VALUES ('0b165b8e-913a-3a2b-ab18-7faaef04df11', 
'9ab11999-4a4d-3ea5-9c67-099969b50472', 
false, 
0);
INSERT INTO "mendixsystem$association" ("id", 
"association_name", 
"table_name", 
"parent_entity_id", 
"child_entity_id", 
"parent_column_name", 
"child_column_name")
 VALUES ('afa4b3fc-039c-3141-b3f9-c1b9c928493f', 
'System.changedBy', 
'system$changedby', 
'69a067b5-3545-4ce0-a470-5c30d9a4e458', 
'282e2e60-88a5-469d-84a5-ba8d9151644f', 
'id', 
'system$changedby');
INSERT INTO "mendixsystem$association" ("id", 
"association_name", 
"table_name", 
"parent_entity_id", 
"child_entity_id", 
"parent_column_name", 
"child_column_name")
 VALUES ('9ab11999-4a4d-3ea5-9c67-099969b50472', 
'System.owner', 
'system$owner', 
'69a067b5-3545-4ce0-a470-5c30d9a4e458', 
'282e2e60-88a5-469d-84a5-ba8d9151644f', 
'id', 
'system$owner');
CREATE TABLE "mxmodelreflection$mxobjectmember_type" (
	"mxmodelreflection$mxobjectmemberid" BIGINT NOT NULL,
	"mxmodelreflection$valuetypeid" BIGINT NOT NULL,
	PRIMARY KEY("mxmodelreflection$mxobjectmemberid","mxmodelreflection$valuetypeid"),
	CONSTRAINT "uniq_mxmodelreflection$mxobjectmember_type_mxmodelreflection$mxobjectmemberid" UNIQUE ("mxmodelreflection$mxobjectmemberid"));
CREATE INDEX "idx_mxmodelreflection$mxobjectmember_type_mxmodelreflection$valuetype_mxmodelreflection$mxobjectmember" ON "mxmodelreflection$mxobjectmember_type" ("mxmodelreflection$valuetypeid" ASC,"mxmodelreflection$mxobjectmemberid" ASC);
INSERT INTO "mendixsystem$association" ("id", 
"association_name", 
"table_name", 
"parent_entity_id", 
"child_entity_id", 
"parent_column_name", 
"child_column_name", 
"index_name")
 VALUES ('66fcef25-9b70-4bc2-a642-5aa2959f7b4c', 
'MxModelReflection.MxObjectMember_Type', 
'mxmodelreflection$mxobjectmember_type', 
'69a067b5-3545-4ce0-a470-5c30d9a4e458', 
'8b506761-81c2-4993-b4b8-55aca4356556', 
'mxmodelreflection$mxobjectmemberid', 
'mxmodelreflection$valuetypeid', 
'idx_mxmodelreflection$mxobjectmember_type_mxmodelreflection$valuetype_mxmodelreflection$mxobjectmember');
INSERT INTO "mendixsystem$unique_constraint" ("name", 
"table_id", 
"column_id")
 VALUES ('uniq_mxmodelreflection$mxobjectmember_type_mxmodelreflection$mxobjectmemberid', 
'66fcef25-9b70-4bc2-a642-5aa2959f7b4c', 
'28210f43-be38-30ef-a019-737c9b1fb3db');
CREATE TABLE "mxmodelreflection$mxobjectmember_mxobjecttype" (
	"mxmodelreflection$mxobjectmemberid" BIGINT NOT NULL,
	"mxmodelreflection$mxobjecttypeid" BIGINT NOT NULL,
	PRIMARY KEY("mxmodelreflection$mxobjectmemberid","mxmodelreflection$mxobjecttypeid"),
	CONSTRAINT "uniq_mxmodelreflection$mxobjectmember_mxobjecttype_mxmodelreflection$mxobjectmemberid" UNIQUE ("mxmodelreflection$mxobjectmemberid"));
CREATE INDEX "idx_mxmodelreflection$mxobjectmember_mxobjecttype_mxmodelreflection$mxobjecttype_mxmodelreflection$mxobjectmember" ON "mxmodelreflection$mxobjectmember_mxobjecttype" ("mxmodelreflection$mxobjecttypeid" ASC,"mxmodelreflection$mxobjectmemberid" ASC);
INSERT INTO "mendixsystem$association" ("id", 
"association_name", 
"table_name", 
"parent_entity_id", 
"child_entity_id", 
"parent_column_name", 
"child_column_name", 
"index_name")
 VALUES ('1755b592-6312-4388-9665-d8f71be209e9', 
'MxModelReflection.MxObjectMember_MxObjectType', 
'mxmodelreflection$mxobjectmember_mxobjecttype', 
'69a067b5-3545-4ce0-a470-5c30d9a4e458', 
'2750feee-09aa-4b3a-abdc-807f553d0c73', 
'mxmodelreflection$mxobjectmemberid', 
'mxmodelreflection$mxobjecttypeid', 
'idx_mxmodelreflection$mxobjectmember_mxobjecttype_mxmodelreflection$mxobjecttype_mxmodelreflection$mxobjectmember');
INSERT INTO "mendixsystem$unique_constraint" ("name", 
"table_id", 
"column_id")
 VALUES ('uniq_mxmodelreflection$mxobjectmember_mxobjecttype_mxmodelreflection$mxobjectmemberid', 
'1755b592-6312-4388-9665-d8f71be209e9', 
'0b050b3d-67ee-33ea-a176-8f90a5bcfc65');
CREATE TABLE "emailtemplate$emailtemplate" (
	"id" BIGINT NOT NULL,
	"templatename" VARCHAR_IGNORECASE(200) NULL,
	"to" VARCHAR_IGNORECASE(2147483647) NULL,
	"from" VARCHAR_IGNORECASE(200) NULL,
	"fromdisplayname" VARCHAR_IGNORECASE(200) NULL,
	"replyto" VARCHAR_IGNORECASE(200) NULL,
	"cc" VARCHAR_IGNORECASE(2147483647) NULL,
	"bcc" VARCHAR_IGNORECASE(2147483647) NULL,
	"subject" VARCHAR_IGNORECASE(200) NULL,
	"htmlbody" VARCHAR_IGNORECASE(2147483647) NULL,
	"plainbody" VARCHAR_IGNORECASE(2147483647) NULL,
	"creationdate" TIMESTAMP NULL,
	"useonlyplaintext" BOOLEAN NULL,
	"createddate" TIMESTAMP NULL,
	"changeddate" TIMESTAMP NULL,
	"system$changedby" BIGINT NULL,
	"system$owner" BIGINT NULL,
	PRIMARY KEY("id"));
CREATE INDEX "idx_emailtemplate$emailtemplate_system$changedby" ON "emailtemplate$emailtemplate" ("system$changedby" ASC,"id" ASC);
CREATE INDEX "idx_emailtemplate$emailtemplate_system$owner" ON "emailtemplate$emailtemplate" ("system$owner" ASC,"id" ASC);
INSERT INTO "mendixsystem$entity" ("id", 
"entity_name", 
"table_name", 
"remote", 
"remote_primary_key")
 VALUES ('946dfdd3-1405-47af-9d2d-ce241621e0fc', 
'EmailTemplate.EmailTemplate', 
'emailtemplate$emailtemplate', 
false, 
false);
INSERT INTO "mendixsystem$attribute" ("id", 
"entity_id", 
"attribute_name", 
"column_name", 
"type", 
"length", 
"default_value", 
"is_auto_number")
 VALUES ('f207702b-a0b9-4a06-8d75-b280e06fd619', 
'946dfdd3-1405-47af-9d2d-ce241621e0fc', 
'TemplateName', 
'templatename', 
30, 
200, 
'', 
false);
INSERT INTO "mendixsystem$attribute" ("id", 
"entity_id", 
"attribute_name", 
"column_name", 
"type", 
"length", 
"default_value", 
"is_auto_number")
 VALUES ('87607c85-8f7a-4c43-8978-0bf05e8d8067', 
'946dfdd3-1405-47af-9d2d-ce241621e0fc', 
'To', 
'to', 
30, 
0, 
'', 
false);
INSERT INTO "mendixsystem$attribute" ("id", 
"entity_id", 
"attribute_name", 
"column_name", 
"type", 
"length", 
"default_value", 
"is_auto_number")
 VALUES ('648a2f2c-e031-4964-b543-e5d37e38b504', 
'946dfdd3-1405-47af-9d2d-ce241621e0fc', 
'From', 
'from', 
30, 
200, 
'', 
false);
INSERT INTO "mendixsystem$attribute" ("id", 
"entity_id", 
"attribute_name", 
"column_name", 
"type", 
"length", 
"default_value", 
"is_auto_number")
 VALUES ('ec2dce64-6846-4aab-812c-495d089b7b54', 
'946dfdd3-1405-47af-9d2d-ce241621e0fc', 
'FromDisplayName', 
'fromdisplayname', 
30, 
200, 
'', 
false);
INSERT INTO "mendixsystem$attribute" ("id", 
"entity_id", 
"attribute_name", 
"column_name", 
"type", 
"length", 
"default_value", 
"is_auto_number")
 VALUES ('ca9706a5-2c51-4b3f-a819-0438d8271362', 
'946dfdd3-1405-47af-9d2d-ce241621e0fc', 
'ReplyTo', 
'replyto', 
30, 
200, 
'', 
false);
INSERT INTO "mendixsystem$attribute" ("id", 
"entity_id", 
"attribute_name", 
"column_name", 
"type", 
"length", 
"default_value", 
"is_auto_number")
 VALUES ('c3dd61d6-63d5-41db-8f1d-ca72ff616057', 
'946dfdd3-1405-47af-9d2d-ce241621e0fc', 
'CC', 
'cc', 
30, 
0, 
'', 
false);
INSERT INTO "mendixsystem$attribute" ("id", 
"entity_id", 
"attribute_name", 
"column_name", 
"type", 
"length", 
"default_value", 
"is_auto_number")
 VALUES ('13f285bd-03ee-472c-a51d-c5532c4dd45d', 
'946dfdd3-1405-47af-9d2d-ce241621e0fc', 
'BCC', 
'bcc', 
30, 
0, 
'', 
false);
INSERT INTO "mendixsystem$attribute" ("id", 
"entity_id", 
"attribute_name", 
"column_name", 
"type", 
"length", 
"default_value", 
"is_auto_number")
 VALUES ('272ade3c-8fbb-459e-9546-97115c1c22a2', 
'946dfdd3-1405-47af-9d2d-ce241621e0fc', 
'Subject', 
'subject', 
30, 
200, 
'', 
false);
INSERT INTO "mendixsystem$attribute" ("id", 
"entity_id", 
"attribute_name", 
"column_name", 
"type", 
"length", 
"default_value", 
"is_auto_number")
 VALUES ('fe1069e6-ccb1-4d89-ac48-a82a83fa40a3', 
'946dfdd3-1405-47af-9d2d-ce241621e0fc', 
'HtmlBody', 
'htmlbody', 
30, 
0, 
'', 
false);
INSERT INTO "mendixsystem$attribute" ("id", 
"entity_id", 
"attribute_name", 
"column_name", 
"type", 
"length", 
"default_value", 
"is_auto_number")
 VALUES ('1ca4dca8-3f45-4703-ae65-37a75b1abd27', 
'946dfdd3-1405-47af-9d2d-ce241621e0fc', 
'PlainBody', 
'plainbody', 
30, 
0, 
'', 
false);
INSERT INTO "mendixsystem$attribute" ("id", 
"entity_id", 
"attribute_name", 
"column_name", 
"type", 
"length", 
"default_value", 
"is_auto_number")
 VALUES ('341c9709-676c-4100-bc89-f4f55b0301fb', 
'946dfdd3-1405-47af-9d2d-ce241621e0fc', 
'CreationDate', 
'creationdate', 
20, 
0, 
'', 
false);
INSERT INTO "mendixsystem$attribute" ("id", 
"entity_id", 
"attribute_name", 
"column_name", 
"type", 
"length", 
"default_value", 
"is_auto_number")
 VALUES ('d889f02c-07b7-4fc7-8dac-fe7d8782df8f', 
'946dfdd3-1405-47af-9d2d-ce241621e0fc', 
'UseOnlyPlainText', 
'useonlyplaintext', 
10, 
0, 
'false', 
false);
INSERT INTO "mendixsystem$attribute" ("id", 
"entity_id", 
"attribute_name", 
"column_name", 
"type", 
"length", 
"default_value", 
"is_auto_number")
 VALUES ('8c118ab1-cab0-3558-9422-1d26caa10f1e', 
'946dfdd3-1405-47af-9d2d-ce241621e0fc', 
'createdDate', 
'createddate', 
20, 
0, 
'', 
false);
INSERT INTO "mendixsystem$attribute" ("id", 
"entity_id", 
"attribute_name", 
"column_name", 
"type", 
"length", 
"default_value", 
"is_auto_number")
 VALUES ('7d0fcc3c-df3b-3565-98da-663aadd21f64', 
'946dfdd3-1405-47af-9d2d-ce241621e0fc', 
'changedDate', 
'changeddate', 
20, 
0, 
'', 
false);
INSERT INTO "mendixsystem$index" ("id", 
"table_id", 
"index_name")
 VALUES ('17b436a1-3e63-3e80-847c-780f3ef63cfe', 
'946dfdd3-1405-47af-9d2d-ce241621e0fc', 
'idx_emailtemplate$emailtemplate_system$changedby');
INSERT INTO "mendixsystem$index_column" ("index_id", 
"column_id", 
"sort_order", 
"ordinal")
 VALUES ('17b436a1-3e63-3e80-847c-780f3ef63cfe', 
'399b5579-ddd6-304b-ad21-054e3df52dde', 
false, 
0);
INSERT INTO "mendixsystem$index" ("id", 
"table_id", 
"index_name")
 VALUES ('89238b21-9512-3eed-8e01-4d449a614bf0', 
'946dfdd3-1405-47af-9d2d-ce241621e0fc', 
'idx_emailtemplate$emailtemplate_system$owner');
INSERT INTO "mendixsystem$index_column" ("index_id", 
"column_id", 
"sort_order", 
"ordinal")
 VALUES ('89238b21-9512-3eed-8e01-4d449a614bf0', 
'c7379c53-95cb-3772-bef9-d05d3a8f7b44', 
false, 
0);
INSERT INTO "mendixsystem$association" ("id", 
"association_name", 
"table_name", 
"parent_entity_id", 
"child_entity_id", 
"parent_column_name", 
"child_column_name")
 VALUES ('399b5579-ddd6-304b-ad21-054e3df52dde', 
'System.changedBy', 
'system$changedby', 
'946dfdd3-1405-47af-9d2d-ce241621e0fc', 
'282e2e60-88a5-469d-84a5-ba8d9151644f', 
'id', 
'system$changedby');
INSERT INTO "mendixsystem$association" ("id", 
"association_name", 
"table_name", 
"parent_entity_id", 
"child_entity_id", 
"parent_column_name", 
"child_column_name")
 VALUES ('c7379c53-95cb-3772-bef9-d05d3a8f7b44', 
'System.owner', 
'system$owner', 
'946dfdd3-1405-47af-9d2d-ce241621e0fc', 
'282e2e60-88a5-469d-84a5-ba8d9151644f', 
'id', 
'system$owner');
CREATE TABLE "emailtemplate$emailtemplate_mxobjecttype" (
	"emailtemplate$emailtemplateid" BIGINT NOT NULL,
	"mxmodelreflection$mxobjecttypeid" BIGINT NOT NULL,
	PRIMARY KEY("emailtemplate$emailtemplateid","mxmodelreflection$mxobjecttypeid"),
	CONSTRAINT "uniq_emailtemplate$emailtemplate_mxobjecttype_emailtemplate$emailtemplateid" UNIQUE ("emailtemplate$emailtemplateid"));
CREATE INDEX "idx_emailtemplate$emailtemplate_mxobjecttype_mxmodelreflection$mxobjecttype_emailtemplate$emailtemplate" ON "emailtemplate$emailtemplate_mxobjecttype" ("mxmodelreflection$mxobjecttypeid" ASC,"emailtemplate$emailtemplateid" ASC);
INSERT INTO "mendixsystem$association" ("id", 
"association_name", 
"table_name", 
"parent_entity_id", 
"child_entity_id", 
"parent_column_name", 
"child_column_name", 
"index_name")
 VALUES ('e054b6fd-56a7-4b39-abbe-82bf9f4e094a', 
'EmailTemplate.EmailTemplate_MxObjectType', 
'emailtemplate$emailtemplate_mxobjecttype', 
'946dfdd3-1405-47af-9d2d-ce241621e0fc', 
'2750feee-09aa-4b3a-abdc-807f553d0c73', 
'emailtemplate$emailtemplateid', 
'mxmodelreflection$mxobjecttypeid', 
'idx_emailtemplate$emailtemplate_mxobjecttype_mxmodelreflection$mxobjecttype_emailtemplate$emailtemplate');
INSERT INTO "mendixsystem$unique_constraint" ("name", 
"table_id", 
"column_id")
 VALUES ('uniq_emailtemplate$emailtemplate_mxobjecttype_emailtemplate$emailtemplateid', 
'e054b6fd-56a7-4b39-abbe-82bf9f4e094a', 
'c785161d-8c7a-3219-b3d6-a0c808d8a118');
CREATE TABLE "emailtemplate$emailtemplate_token" (
	"emailtemplate$emailtemplateid" BIGINT NOT NULL,
	"mxmodelreflection$tokenid" BIGINT NOT NULL,
	PRIMARY KEY("emailtemplate$emailtemplateid","mxmodelreflection$tokenid"));
CREATE INDEX "idx_emailtemplate$emailtemplate_token_mxmodelreflection$token_emailtemplate$emailtemplate" ON "emailtemplate$emailtemplate_token" ("mxmodelreflection$tokenid" ASC,"emailtemplate$emailtemplateid" ASC);
INSERT INTO "mendixsystem$association" ("id", 
"association_name", 
"table_name", 
"parent_entity_id", 
"child_entity_id", 
"parent_column_name", 
"child_column_name", 
"index_name")
 VALUES ('29c5766a-51ea-4fe7-af87-698d95115419', 
'EmailTemplate.EmailTemplate_Token', 
'emailtemplate$emailtemplate_token', 
'946dfdd3-1405-47af-9d2d-ce241621e0fc', 
'e7f86ad3-f9f7-4a23-aad7-630c6844afe0', 
'emailtemplate$emailtemplateid', 
'mxmodelreflection$tokenid', 
'idx_emailtemplate$emailtemplate_token_mxmodelreflection$token_emailtemplate$emailtemplate');
CREATE TABLE "emailtemplate$header" (
	"id" BIGINT NOT NULL,
	"name" VARCHAR_IGNORECASE(200) NULL,
	"value" VARCHAR_IGNORECASE(2147483647) NULL,
	PRIMARY KEY("id"));
INSERT INTO "mendixsystem$entity" ("id", 
"entity_name", 
"table_name", 
"remote", 
"remote_primary_key")
 VALUES ('796f5e79-c7e8-42e0-8e34-8917820ce5d1', 
'EmailTemplate.Header', 
'emailtemplate$header', 
false, 
false);
INSERT INTO "mendixsystem$attribute" ("id", 
"entity_id", 
"attribute_name", 
"column_name", 
"type", 
"length", 
"default_value", 
"is_auto_number")
 VALUES ('a4418b60-fc28-453e-a6fb-17904f79b37a', 
'796f5e79-c7e8-42e0-8e34-8917820ce5d1', 
'Name', 
'name', 
30, 
200, 
'', 
false);
INSERT INTO "mendixsystem$attribute" ("id", 
"entity_id", 
"attribute_name", 
"column_name", 
"type", 
"length", 
"default_value", 
"is_auto_number")
 VALUES ('219e6332-0f82-4eb6-9830-81b84284284f', 
'796f5e79-c7e8-42e0-8e34-8917820ce5d1', 
'Value', 
'value', 
30, 
0, 
'', 
false);
CREATE TABLE "emailtemplate$header_email" (
	"emailtemplate$headerid" BIGINT NOT NULL,
	"emailtemplate$emailid" BIGINT NOT NULL,
	PRIMARY KEY("emailtemplate$headerid","emailtemplate$emailid"),
	CONSTRAINT "uniq_emailtemplate$header_email_emailtemplate$headerid" UNIQUE ("emailtemplate$headerid"));
CREATE INDEX "idx_emailtemplate$header_email_emailtemplate$email_emailtemplate$header" ON "emailtemplate$header_email" ("emailtemplate$emailid" ASC,"emailtemplate$headerid" ASC);
INSERT INTO "mendixsystem$association" ("id", 
"association_name", 
"table_name", 
"parent_entity_id", 
"child_entity_id", 
"parent_column_name", 
"child_column_name", 
"index_name")
 VALUES ('20c7c510-21e3-4ed2-a61a-7a6c9ad36da7', 
'EmailTemplate.Header_Email', 
'emailtemplate$header_email', 
'796f5e79-c7e8-42e0-8e34-8917820ce5d1', 
'd1c7143d-8fad-4d5b-b160-6cde6460e368', 
'emailtemplate$headerid', 
'emailtemplate$emailid', 
'idx_emailtemplate$header_email_emailtemplate$email_emailtemplate$header');
INSERT INTO "mendixsystem$unique_constraint" ("name", 
"table_id", 
"column_id")
 VALUES ('uniq_emailtemplate$header_email_emailtemplate$headerid', 
'20c7c510-21e3-4ed2-a61a-7a6c9ad36da7', 
'07d28c4d-d0f4-3848-b891-3e5340f5975b');
CREATE TABLE "mxmodelreflection$parameter" (
	"id" BIGINT NOT NULL,
	"name" VARCHAR_IGNORECASE(200) NULL,
	"createddate" TIMESTAMP NULL,
	"changeddate" TIMESTAMP NULL,
	"system$changedby" BIGINT NULL,
	"system$owner" BIGINT NULL,
	PRIMARY KEY("id"));
CREATE INDEX "idx_mxmodelreflection$parameter_system$changedby" ON "mxmodelreflection$parameter" ("system$changedby" ASC,"id" ASC);
CREATE INDEX "idx_mxmodelreflection$parameter_system$owner" ON "mxmodelreflection$parameter" ("system$owner" ASC,"id" ASC);
INSERT INTO "mendixsystem$entity" ("id", 
"entity_name", 
"table_name", 
"remote", 
"remote_primary_key")
 VALUES ('cac94a36-2be0-4f75-8813-33c1c6abb116', 
'MxModelReflection.Parameter', 
'mxmodelreflection$parameter', 
false, 
false);
INSERT INTO "mendixsystem$attribute" ("id", 
"entity_id", 
"attribute_name", 
"column_name", 
"type", 
"length", 
"default_value", 
"is_auto_number")
 VALUES ('9206a120-be0f-4924-9c5e-c069a77879e1', 
'cac94a36-2be0-4f75-8813-33c1c6abb116', 
'Name', 
'name', 
30, 
200, 
'', 
false);
INSERT INTO "mendixsystem$attribute" ("id", 
"entity_id", 
"attribute_name", 
"column_name", 
"type", 
"length", 
"default_value", 
"is_auto_number")
 VALUES ('82888c53-2ac4-3cb2-a5e7-12de12fbec23', 
'cac94a36-2be0-4f75-8813-33c1c6abb116', 
'createdDate', 
'createddate', 
20, 
0, 
'', 
false);
INSERT INTO "mendixsystem$attribute" ("id", 
"entity_id", 
"attribute_name", 
"column_name", 
"type", 
"length", 
"default_value", 
"is_auto_number")
 VALUES ('a336c20f-0a7a-3f2c-a3d7-d1634d3878b4', 
'cac94a36-2be0-4f75-8813-33c1c6abb116', 
'changedDate', 
'changeddate', 
20, 
0, 
'', 
false);
INSERT INTO "mendixsystem$index" ("id", 
"table_id", 
"index_name")
 VALUES ('50b3be52-98da-328a-a2c5-1365bf429c50', 
'cac94a36-2be0-4f75-8813-33c1c6abb116', 
'idx_mxmodelreflection$parameter_system$changedby');
INSERT INTO "mendixsystem$index_column" ("index_id", 
"column_id", 
"sort_order", 
"ordinal")
 VALUES ('50b3be52-98da-328a-a2c5-1365bf429c50', 
'ffdd7a83-6e65-3663-a34c-2be5962acb91', 
false, 
0);
INSERT INTO "mendixsystem$index" ("id", 
"table_id", 
"index_name")
 VALUES ('f5b1e760-89b1-397b-a44d-e0f7fc0f97ae', 
'cac94a36-2be0-4f75-8813-33c1c6abb116', 
'idx_mxmodelreflection$parameter_system$owner');
INSERT INTO "mendixsystem$index_column" ("index_id", 
"column_id", 
"sort_order", 
"ordinal")
 VALUES ('f5b1e760-89b1-397b-a44d-e0f7fc0f97ae', 
'd757ab46-f04f-37be-9038-8defcd45489a', 
false, 
0);
INSERT INTO "mendixsystem$association" ("id", 
"association_name", 
"table_name", 
"parent_entity_id", 
"child_entity_id", 
"parent_column_name", 
"child_column_name")
 VALUES ('ffdd7a83-6e65-3663-a34c-2be5962acb91', 
'System.changedBy', 
'system$changedby', 
'cac94a36-2be0-4f75-8813-33c1c6abb116', 
'282e2e60-88a5-469d-84a5-ba8d9151644f', 
'id', 
'system$changedby');
INSERT INTO "mendixsystem$association" ("id", 
"association_name", 
"table_name", 
"parent_entity_id", 
"child_entity_id", 
"parent_column_name", 
"child_column_name")
 VALUES ('d757ab46-f04f-37be-9038-8defcd45489a', 
'System.owner', 
'system$owner', 
'cac94a36-2be0-4f75-8813-33c1c6abb116', 
'282e2e60-88a5-469d-84a5-ba8d9151644f', 
'id', 
'system$owner');
CREATE TABLE "mxmodelreflection$parameter_mxobjecttype" (
	"mxmodelreflection$parameterid" BIGINT NOT NULL,
	"mxmodelreflection$mxobjecttypeid" BIGINT NOT NULL,
	PRIMARY KEY("mxmodelreflection$parameterid","mxmodelreflection$mxobjecttypeid"),
	CONSTRAINT "uniq_mxmodelreflection$parameter_mxobjecttype_mxmodelreflection$parameterid" UNIQUE ("mxmodelreflection$parameterid"));
CREATE INDEX "idx_mxmodelreflection$parameter_mxobjecttype_mxmodelreflection$mxobjecttype_mxmodelreflection$parameter" ON "mxmodelreflection$parameter_mxobjecttype" ("mxmodelreflection$mxobjecttypeid" ASC,"mxmodelreflection$parameterid" ASC);
INSERT INTO "mendixsystem$association" ("id", 
"association_name", 
"table_name", 
"parent_entity_id", 
"child_entity_id", 
"parent_column_name", 
"child_column_name", 
"index_name")
 VALUES ('ee5c8986-3f67-4f60-a6f2-57ef94dc74e6', 
'MxModelReflection.Parameter_MxObjectType', 
'mxmodelreflection$parameter_mxobjecttype', 
'cac94a36-2be0-4f75-8813-33c1c6abb116', 
'2750feee-09aa-4b3a-abdc-807f553d0c73', 
'mxmodelreflection$parameterid', 
'mxmodelreflection$mxobjecttypeid', 
'idx_mxmodelreflection$parameter_mxobjecttype_mxmodelreflection$mxobjecttype_mxmodelreflection$parameter');
INSERT INTO "mendixsystem$unique_constraint" ("name", 
"table_id", 
"column_id")
 VALUES ('uniq_mxmodelreflection$parameter_mxobjecttype_mxmodelreflection$parameterid', 
'ee5c8986-3f67-4f60-a6f2-57ef94dc74e6', 
'29cc0486-6a01-34e5-8ebc-63dab7810350');
CREATE TABLE "mxmodelreflection$parameter_valuetype" (
	"mxmodelreflection$parameterid" BIGINT NOT NULL,
	"mxmodelreflection$valuetypeid" BIGINT NOT NULL,
	PRIMARY KEY("mxmodelreflection$parameterid","mxmodelreflection$valuetypeid"),
	CONSTRAINT "uniq_mxmodelreflection$parameter_valuetype_mxmodelreflection$parameterid" UNIQUE ("mxmodelreflection$parameterid"));
CREATE INDEX "idx_mxmodelreflection$parameter_valuetype_mxmodelreflection$valuetype_mxmodelreflection$parameter" ON "mxmodelreflection$parameter_valuetype" ("mxmodelreflection$valuetypeid" ASC,"mxmodelreflection$parameterid" ASC);
INSERT INTO "mendixsystem$association" ("id", 
"association_name", 
"table_name", 
"parent_entity_id", 
"child_entity_id", 
"parent_column_name", 
"child_column_name", 
"index_name")
 VALUES ('5034379a-fcd6-4418-bf6a-d72ae2593f54', 
'MxModelReflection.Parameter_ValueType', 
'mxmodelreflection$parameter_valuetype', 
'cac94a36-2be0-4f75-8813-33c1c6abb116', 
'8b506761-81c2-4993-b4b8-55aca4356556', 
'mxmodelreflection$parameterid', 
'mxmodelreflection$valuetypeid', 
'idx_mxmodelreflection$parameter_valuetype_mxmodelreflection$valuetype_mxmodelreflection$parameter');
INSERT INTO "mendixsystem$unique_constraint" ("name", 
"table_id", 
"column_id")
 VALUES ('uniq_mxmodelreflection$parameter_valuetype_mxmodelreflection$parameterid', 
'5034379a-fcd6-4418-bf6a-d72ae2593f54', 
'c2346636-51c8-3c7e-a3d4-19fd897d80ab');
CREATE TABLE "mxmodelreflection$token" (
	"id" BIGINT NOT NULL,
	"token" VARCHAR_IGNORECASE(50) NULL,
	"prefix" VARCHAR_IGNORECASE(3) NULL,
	"suffix" VARCHAR_IGNORECASE(3) NULL,
	"combinedtoken" VARCHAR_IGNORECASE(56) NULL,
	"description" VARCHAR_IGNORECASE(300) NULL,
	"metamodelpath" VARCHAR_IGNORECASE(1000) NULL,
	"tokentype" VARCHAR_IGNORECASE(9) NULL,
	"status" VARCHAR_IGNORECASE(7) NULL,
	"findobjectstart" VARCHAR_IGNORECASE(200) NULL,
	"findobjectreference" VARCHAR_IGNORECASE(200) NULL,
	"findreference" VARCHAR_IGNORECASE(200) NULL,
	"findmember" VARCHAR_IGNORECASE(200) NULL,
	"findmemberreference" VARCHAR_IGNORECASE(200) NULL,
	"isoptional" BOOLEAN NULL,
	"displaypattern" VARCHAR_IGNORECASE(50) NULL,
	"createddate" TIMESTAMP NULL,
	"changeddate" TIMESTAMP NULL,
	"system$changedby" BIGINT NULL,
	"system$owner" BIGINT NULL,
	PRIMARY KEY("id"));
CREATE INDEX "idx_mxmodelreflection$token_combinedtoken_asc" ON "mxmodelreflection$token" ("combinedtoken" ASC,"id" ASC);
CREATE INDEX "idx_mxmodelreflection$token_system$changedby" ON "mxmodelreflection$token" ("system$changedby" ASC,"id" ASC);
CREATE INDEX "idx_mxmodelreflection$token_system$owner" ON "mxmodelreflection$token" ("system$owner" ASC,"id" ASC);
INSERT INTO "mendixsystem$entity" ("id", 
"entity_name", 
"table_name", 
"remote", 
"remote_primary_key")
 VALUES ('e7f86ad3-f9f7-4a23-aad7-630c6844afe0', 
'MxModelReflection.Token', 
'mxmodelreflection$token', 
false, 
false);
INSERT INTO "mendixsystem$attribute" ("id", 
"entity_id", 
"attribute_name", 
"column_name", 
"type", 
"length", 
"default_value", 
"is_auto_number")
 VALUES ('a1d82078-3d7f-418b-a0ae-c1db81578514', 
'e7f86ad3-f9f7-4a23-aad7-630c6844afe0', 
'Token', 
'token', 
30, 
50, 
'', 
false);
INSERT INTO "mendixsystem$attribute" ("id", 
"entity_id", 
"attribute_name", 
"column_name", 
"type", 
"length", 
"default_value", 
"is_auto_number")
 VALUES ('4a9470d4-bd7a-446d-85ce-daa85b8d323c', 
'e7f86ad3-f9f7-4a23-aad7-630c6844afe0', 
'Prefix', 
'prefix', 
30, 
3, 
'{%', 
false);
INSERT INTO "mendixsystem$attribute" ("id", 
"entity_id", 
"attribute_name", 
"column_name", 
"type", 
"length", 
"default_value", 
"is_auto_number")
 VALUES ('f596f9ac-bf13-4139-8967-d0bcc2f22949', 
'e7f86ad3-f9f7-4a23-aad7-630c6844afe0', 
'Suffix', 
'suffix', 
30, 
3, 
'%}', 
false);
INSERT INTO "mendixsystem$attribute" ("id", 
"entity_id", 
"attribute_name", 
"column_name", 
"type", 
"length", 
"default_value", 
"is_auto_number")
 VALUES ('6a262488-c004-4cba-93b6-d6fa9c827806', 
'e7f86ad3-f9f7-4a23-aad7-630c6844afe0', 
'CombinedToken', 
'combinedtoken', 
30, 
56, 
'', 
false);
INSERT INTO "mendixsystem$attribute" ("id", 
"entity_id", 
"attribute_name", 
"column_name", 
"type", 
"length", 
"default_value", 
"is_auto_number")
 VALUES ('b78cca3e-7d92-438f-aa8b-453e17afd2b3', 
'e7f86ad3-f9f7-4a23-aad7-630c6844afe0', 
'Description', 
'description', 
30, 
300, 
'', 
false);
INSERT INTO "mendixsystem$attribute" ("id", 
"entity_id", 
"attribute_name", 
"column_name", 
"type", 
"length", 
"default_value", 
"is_auto_number")
 VALUES ('4937b04a-0242-46db-8f4c-9c28f3d73357', 
'e7f86ad3-f9f7-4a23-aad7-630c6844afe0', 
'MetaModelPath', 
'metamodelpath', 
30, 
1000, 
'', 
false);
INSERT INTO "mendixsystem$attribute" ("id", 
"entity_id", 
"attribute_name", 
"column_name", 
"type", 
"length", 
"default_value", 
"is_auto_number")
 VALUES ('99156193-67d0-466a-a630-711fae256043', 
'e7f86ad3-f9f7-4a23-aad7-630c6844afe0', 
'TokenType', 
'tokentype', 
40, 
9, 
'', 
false);
INSERT INTO "mendixsystem$attribute" ("id", 
"entity_id", 
"attribute_name", 
"column_name", 
"type", 
"length", 
"default_value", 
"is_auto_number")
 VALUES ('4a8c85d7-344f-4d33-995d-1a944d70ff31', 
'e7f86ad3-f9f7-4a23-aad7-630c6844afe0', 
'Status', 
'status', 
40, 
7, 
'Invalid', 
false);
INSERT INTO "mendixsystem$attribute" ("id", 
"entity_id", 
"attribute_name", 
"column_name", 
"type", 
"length", 
"default_value", 
"is_auto_number")
 VALUES ('58c19381-9caa-459c-8b10-57860b3397c6', 
'e7f86ad3-f9f7-4a23-aad7-630c6844afe0', 
'FindObjectStart', 
'findobjectstart', 
30, 
200, 
'', 
false);
INSERT INTO "mendixsystem$attribute" ("id", 
"entity_id", 
"attribute_name", 
"column_name", 
"type", 
"length", 
"default_value", 
"is_auto_number")
 VALUES ('d147e30f-e707-4ff7-b739-0d3733de65ff', 
'e7f86ad3-f9f7-4a23-aad7-630c6844afe0', 
'FindObjectReference', 
'findobjectreference', 
30, 
200, 
'', 
false);
INSERT INTO "mendixsystem$attribute" ("id", 
"entity_id", 
"attribute_name", 
"column_name", 
"type", 
"length", 
"default_value", 
"is_auto_number")
 VALUES ('4d25cf89-f0fe-4cfc-974b-c690484537c2', 
'e7f86ad3-f9f7-4a23-aad7-630c6844afe0', 
'FindReference', 
'findreference', 
30, 
200, 
'', 
false);
INSERT INTO "mendixsystem$attribute" ("id", 
"entity_id", 
"attribute_name", 
"column_name", 
"type", 
"length", 
"default_value", 
"is_auto_number")
 VALUES ('9afd3e0c-4c2f-4e30-8e3f-b8a80d5f8295', 
'e7f86ad3-f9f7-4a23-aad7-630c6844afe0', 
'FindMember', 
'findmember', 
30, 
200, 
'', 
false);
INSERT INTO "mendixsystem$attribute" ("id", 
"entity_id", 
"attribute_name", 
"column_name", 
"type", 
"length", 
"default_value", 
"is_auto_number")
 VALUES ('d3d7e23a-d567-4e95-be1d-e3098b3c4d73', 
'e7f86ad3-f9f7-4a23-aad7-630c6844afe0', 
'FindMemberReference', 
'findmemberreference', 
30, 
200, 
'', 
false);
INSERT INTO "mendixsystem$attribute" ("id", 
"entity_id", 
"attribute_name", 
"column_name", 
"type", 
"length", 
"default_value", 
"is_auto_number")
 VALUES ('f94728a8-0293-4910-8659-8c391463076d', 
'e7f86ad3-f9f7-4a23-aad7-630c6844afe0', 
'IsOptional', 
'isoptional', 
10, 
0, 
'false', 
false);
INSERT INTO "mendixsystem$attribute" ("id", 
"entity_id", 
"attribute_name", 
"column_name", 
"type", 
"length", 
"default_value", 
"is_auto_number")
 VALUES ('1786bb97-51ee-4b69-8f5b-361d71858cee', 
'e7f86ad3-f9f7-4a23-aad7-630c6844afe0', 
'DisplayPattern', 
'displaypattern', 
30, 
50, 
'', 
false);
INSERT INTO "mendixsystem$attribute" ("id", 
"entity_id", 
"attribute_name", 
"column_name", 
"type", 
"length", 
"default_value", 
"is_auto_number")
 VALUES ('2362e628-cbb7-328f-b2f3-ee38e2d75f59', 
'e7f86ad3-f9f7-4a23-aad7-630c6844afe0', 
'createdDate', 
'createddate', 
20, 
0, 
'', 
false);
INSERT INTO "mendixsystem$attribute" ("id", 
"entity_id", 
"attribute_name", 
"column_name", 
"type", 
"length", 
"default_value", 
"is_auto_number")
 VALUES ('e397a811-cb89-3c50-b038-3568488f1872', 
'e7f86ad3-f9f7-4a23-aad7-630c6844afe0', 
'changedDate', 
'changeddate', 
20, 
0, 
'', 
false);
INSERT INTO "mendixsystem$index" ("id", 
"table_id", 
"index_name")
 VALUES ('a28fb9d7-a87c-475e-8711-814ba5e858c9', 
'e7f86ad3-f9f7-4a23-aad7-630c6844afe0', 
'idx_mxmodelreflection$token_combinedtoken_asc');
INSERT INTO "mendixsystem$index_column" ("index_id", 
"column_id", 
"sort_order", 
"ordinal")
 VALUES ('a28fb9d7-a87c-475e-8711-814ba5e858c9', 
'6a262488-c004-4cba-93b6-d6fa9c827806', 
false, 
0);
INSERT INTO "mendixsystem$index" ("id", 
"table_id", 
"index_name")
 VALUES ('353c77a6-d2bc-3e62-b0eb-f84a581f5605', 
'e7f86ad3-f9f7-4a23-aad7-630c6844afe0', 
'idx_mxmodelreflection$token_system$changedby');
INSERT INTO "mendixsystem$index_column" ("index_id", 
"column_id", 
"sort_order", 
"ordinal")
 VALUES ('353c77a6-d2bc-3e62-b0eb-f84a581f5605', 
'bf33914b-38b5-33a2-97b5-cfdb96e8b222', 
false, 
0);
INSERT INTO "mendixsystem$index" ("id", 
"table_id", 
"index_name")
 VALUES ('736767b4-36cb-322a-90f2-e8c3adb9904f', 
'e7f86ad3-f9f7-4a23-aad7-630c6844afe0', 
'idx_mxmodelreflection$token_system$owner');
INSERT INTO "mendixsystem$index_column" ("index_id", 
"column_id", 
"sort_order", 
"ordinal")
 VALUES ('736767b4-36cb-322a-90f2-e8c3adb9904f', 
'491f7d38-6bbf-3f21-92e2-c353091943c1', 
false, 
0);
INSERT INTO "mendixsystem$association" ("id", 
"association_name", 
"table_name", 
"parent_entity_id", 
"child_entity_id", 
"parent_column_name", 
"child_column_name")
 VALUES ('bf33914b-38b5-33a2-97b5-cfdb96e8b222', 
'System.changedBy', 
'system$changedby', 
'e7f86ad3-f9f7-4a23-aad7-630c6844afe0', 
'282e2e60-88a5-469d-84a5-ba8d9151644f', 
'id', 
'system$changedby');
INSERT INTO "mendixsystem$association" ("id", 
"association_name", 
"table_name", 
"parent_entity_id", 
"child_entity_id", 
"parent_column_name", 
"child_column_name")
 VALUES ('491f7d38-6bbf-3f21-92e2-c353091943c1', 
'System.owner', 
'system$owner', 
'e7f86ad3-f9f7-4a23-aad7-630c6844afe0', 
'282e2e60-88a5-469d-84a5-ba8d9151644f', 
'id', 
'system$owner');
CREATE TABLE "mxmodelreflection$token_mxobjecttype_start" (
	"mxmodelreflection$tokenid" BIGINT NOT NULL,
	"mxmodelreflection$mxobjecttypeid" BIGINT NOT NULL,
	PRIMARY KEY("mxmodelreflection$tokenid","mxmodelreflection$mxobjecttypeid"),
	CONSTRAINT "uniq_mxmodelreflection$token_mxobjecttype_start_mxmodelreflection$tokenid" UNIQUE ("mxmodelreflection$tokenid"));
CREATE INDEX "idx_mxmodelreflection$token_mxobjecttype_start_mxmodelreflection$mxobjecttype_mxmodelreflection$token" ON "mxmodelreflection$token_mxobjecttype_start" ("mxmodelreflection$mxobjecttypeid" ASC,"mxmodelreflection$tokenid" ASC);
INSERT INTO "mendixsystem$association" ("id", 
"association_name", 
"table_name", 
"parent_entity_id", 
"child_entity_id", 
"parent_column_name", 
"child_column_name", 
"index_name")
 VALUES ('b31a1e0a-90ac-46f2-94d2-3d3a3e754dc4', 
'MxModelReflection.Token_MxObjectType_Start', 
'mxmodelreflection$token_mxobjecttype_start', 
'e7f86ad3-f9f7-4a23-aad7-630c6844afe0', 
'2750feee-09aa-4b3a-abdc-807f553d0c73', 
'mxmodelreflection$tokenid', 
'mxmodelreflection$mxobjecttypeid', 
'idx_mxmodelreflection$token_mxobjecttype_start_mxmodelreflection$mxobjecttype_mxmodelreflection$token');
INSERT INTO "mendixsystem$unique_constraint" ("name", 
"table_id", 
"column_id")
 VALUES ('uniq_mxmodelreflection$token_mxobjecttype_start_mxmodelreflection$tokenid', 
'b31a1e0a-90ac-46f2-94d2-3d3a3e754dc4', 
'937ee4b5-9a89-3e0e-9762-79bf9b1dd538');
CREATE TABLE "mxmodelreflection$token_mxobjectreference" (
	"mxmodelreflection$tokenid" BIGINT NOT NULL,
	"mxmodelreflection$mxobjectreferenceid" BIGINT NOT NULL,
	PRIMARY KEY("mxmodelreflection$tokenid","mxmodelreflection$mxobjectreferenceid"),
	CONSTRAINT "uniq_mxmodelreflection$token_mxobjectreference_mxmodelreflection$tokenid" UNIQUE ("mxmodelreflection$tokenid"));
CREATE INDEX "idx_mxmodelreflection$token_mxobjectreference_mxmodelreflection$mxobjectreference_mxmodelreflection$token" ON "mxmodelreflection$token_mxobjectreference" ("mxmodelreflection$mxobjectreferenceid" ASC,"mxmodelreflection$tokenid" ASC);
INSERT INTO "mendixsystem$association" ("id", 
"association_name", 
"table_name", 
"parent_entity_id", 
"child_entity_id", 
"parent_column_name", 
"child_column_name", 
"index_name")
 VALUES ('61054438-9205-4ed4-b41c-c63e76c86f3c', 
'MxModelReflection.Token_MxObjectReference', 
'mxmodelreflection$token_mxobjectreference', 
'e7f86ad3-f9f7-4a23-aad7-630c6844afe0', 
'eb17e8e5-32f7-4fb8-a8e0-b78bd0cb5fab', 
'mxmodelreflection$tokenid', 
'mxmodelreflection$mxobjectreferenceid', 
'idx_mxmodelreflection$token_mxobjectreference_mxmodelreflection$mxobjectreference_mxmodelreflection$token');
INSERT INTO "mendixsystem$unique_constraint" ("name", 
"table_id", 
"column_id")
 VALUES ('uniq_mxmodelreflection$token_mxobjectreference_mxmodelreflection$tokenid', 
'61054438-9205-4ed4-b41c-c63e76c86f3c', 
'abd8a860-ec0b-390d-8a85-70d8102c0c53');
CREATE TABLE "mxmodelreflection$token_mxobjecttype_referenced" (
	"mxmodelreflection$tokenid" BIGINT NOT NULL,
	"mxmodelreflection$mxobjecttypeid" BIGINT NOT NULL,
	PRIMARY KEY("mxmodelreflection$tokenid","mxmodelreflection$mxobjecttypeid"),
	CONSTRAINT "uniq_mxmodelreflection$token_mxobjecttype_referenced_mxmodelreflection$tokenid" UNIQUE ("mxmodelreflection$tokenid"));
CREATE INDEX "idx_mxmodelreflection$token_mxobjecttype_referenced_mxmodelreflection$mxobjecttype_mxmodelreflection$token" ON "mxmodelreflection$token_mxobjecttype_referenced" ("mxmodelreflection$mxobjecttypeid" ASC,"mxmodelreflection$tokenid" ASC);
INSERT INTO "mendixsystem$association" ("id", 
"association_name", 
"table_name", 
"parent_entity_id", 
"child_entity_id", 
"parent_column_name", 
"child_column_name", 
"index_name")
 VALUES ('6e075cc5-d377-4171-b7e5-c59d7f35be74', 
'MxModelReflection.Token_MxObjectType_Referenced', 
'mxmodelreflection$token_mxobjecttype_referenced', 
'e7f86ad3-f9f7-4a23-aad7-630c6844afe0', 
'2750feee-09aa-4b3a-abdc-807f553d0c73', 
'mxmodelreflection$tokenid', 
'mxmodelreflection$mxobjecttypeid', 
'idx_mxmodelreflection$token_mxobjecttype_referenced_mxmodelreflection$mxobjecttype_mxmodelreflection$token');
INSERT INTO "mendixsystem$unique_constraint" ("name", 
"table_id", 
"column_id")
 VALUES ('uniq_mxmodelreflection$token_mxobjecttype_referenced_mxmodelreflection$tokenid', 
'6e075cc5-d377-4171-b7e5-c59d7f35be74', 
'0614478c-724d-3315-855b-03c848ba6d97');
CREATE TABLE "mxmodelreflection$token_mxobjectmember" (
	"mxmodelreflection$tokenid" BIGINT NOT NULL,
	"mxmodelreflection$mxobjectmemberid" BIGINT NOT NULL,
	PRIMARY KEY("mxmodelreflection$tokenid","mxmodelreflection$mxobjectmemberid"),
	CONSTRAINT "uniq_mxmodelreflection$token_mxobjectmember_mxmodelreflection$tokenid" UNIQUE ("mxmodelreflection$tokenid"));
CREATE INDEX "idx_mxmodelreflection$token_mxobjectmember_mxmodelreflection$mxobjectmember_mxmodelreflection$token" ON "mxmodelreflection$token_mxobjectmember" ("mxmodelreflection$mxobjectmemberid" ASC,"mxmodelreflection$tokenid" ASC);
INSERT INTO "mendixsystem$association" ("id", 
"association_name", 
"table_name", 
"parent_entity_id", 
"child_entity_id", 
"parent_column_name", 
"child_column_name", 
"index_name")
 VALUES ('1f96c9cf-9342-40bd-859b-d7815f5509c0', 
'MxModelReflection.Token_MxObjectMember', 
'mxmodelreflection$token_mxobjectmember', 
'e7f86ad3-f9f7-4a23-aad7-630c6844afe0', 
'69a067b5-3545-4ce0-a470-5c30d9a4e458', 
'mxmodelreflection$tokenid', 
'mxmodelreflection$mxobjectmemberid', 
'idx_mxmodelreflection$token_mxobjectmember_mxmodelreflection$mxobjectmember_mxmodelreflection$token');
INSERT INTO "mendixsystem$unique_constraint" ("name", 
"table_id", 
"column_id")
 VALUES ('uniq_mxmodelreflection$token_mxobjectmember_mxmodelreflection$tokenid', 
'1f96c9cf-9342-40bd-859b-d7815f5509c0', 
'3e2fc8cc-6e44-3a94-bcac-5f94dcaa3cdc');
CREATE TABLE "emailtemplate$oauthpayload" (
	"id" BIGINT NOT NULL,
	"payload" VARCHAR_IGNORECASE(2147483647) NULL,
	"emailaddress" VARCHAR_IGNORECASE(200) NULL,
	"provider" VARCHAR_IGNORECASE(5) NULL,
	"isreauthpayload" BOOLEAN NULL,
	"reauthaccountid" VARCHAR_IGNORECASE(200) NULL,
	PRIMARY KEY("id"));
INSERT INTO "mendixsystem$entity" ("id", 
"entity_name", 
"table_name", 
"remote", 
"remote_primary_key")
 VALUES ('34423eaa-9f64-41fc-a06c-cca3b17b2288', 
'EmailTemplate.OAuthPayload', 
'emailtemplate$oauthpayload', 
false, 
false);
INSERT INTO "mendixsystem$attribute" ("id", 
"entity_id", 
"attribute_name", 
"column_name", 
"type", 
"length", 
"default_value", 
"is_auto_number")
 VALUES ('bd5b3162-f722-4185-a564-2f7de541f71f', 
'34423eaa-9f64-41fc-a06c-cca3b17b2288', 
'payload', 
'payload', 
30, 
0, 
'', 
false);
INSERT INTO "mendixsystem$attribute" ("id", 
"entity_id", 
"attribute_name", 
"column_name", 
"type", 
"length", 
"default_value", 
"is_auto_number")
 VALUES ('a7f5fa65-56a6-4c20-b0f4-2c818bca2282', 
'34423eaa-9f64-41fc-a06c-cca3b17b2288', 
'emailAddress', 
'emailaddress', 
30, 
200, 
'', 
false);
INSERT INTO "mendixsystem$attribute" ("id", 
"entity_id", 
"attribute_name", 
"column_name", 
"type", 
"length", 
"default_value", 
"is_auto_number")
 VALUES ('dd520867-43a0-43fa-bbf1-c8c0e33cc588', 
'34423eaa-9f64-41fc-a06c-cca3b17b2288', 
'provider', 
'provider', 
40, 
5, 
'NONE', 
false);
INSERT INTO "mendixsystem$attribute" ("id", 
"entity_id", 
"attribute_name", 
"column_name", 
"type", 
"length", 
"default_value", 
"is_auto_number")
 VALUES ('7f07ece7-c0d5-459d-b932-35a92daecbdc', 
'34423eaa-9f64-41fc-a06c-cca3b17b2288', 
'isReAuthPayload', 
'isreauthpayload', 
10, 
0, 
'false', 
false);
INSERT INTO "mendixsystem$attribute" ("id", 
"entity_id", 
"attribute_name", 
"column_name", 
"type", 
"length", 
"default_value", 
"is_auto_number")
 VALUES ('1ca85cb5-c6e7-45b8-86da-34ff9db37459', 
'34423eaa-9f64-41fc-a06c-cca3b17b2288', 
'reauthAccountId', 
'reauthaccountid', 
30, 
200, 
'', 
false);
CREATE TABLE "emailtemplate$oauthpayload_session" (
	"emailtemplate$oauthpayloadid" BIGINT NOT NULL,
	"system$sessionid" BIGINT NOT NULL,
	PRIMARY KEY("emailtemplate$oauthpayloadid","system$sessionid"),
	CONSTRAINT "uniq_emailtemplate$oauthpayload_session_emailtemplate$oauthpayloadid" UNIQUE ("emailtemplate$oauthpayloadid"));
CREATE INDEX "idx_emailtemplate$oauthpayload_session_system$session_emailtemplate$oauthpayload" ON "emailtemplate$oauthpayload_session" ("system$sessionid" ASC,"emailtemplate$oauthpayloadid" ASC);
INSERT INTO "mendixsystem$association" ("id", 
"association_name", 
"table_name", 
"parent_entity_id", 
"child_entity_id", 
"parent_column_name", 
"child_column_name", 
"index_name")
 VALUES ('4ed997c4-b697-461f-ac5d-66665fe2d613', 
'EmailTemplate.OAuthPayload_Session', 
'emailtemplate$oauthpayload_session', 
'34423eaa-9f64-41fc-a06c-cca3b17b2288', 
'37f9fd49-5318-4c63-9a51-f761779b202f', 
'emailtemplate$oauthpayloadid', 
'system$sessionid', 
'idx_emailtemplate$oauthpayload_session_system$session_emailtemplate$oauthpayload');
INSERT INTO "mendixsystem$unique_constraint" ("name", 
"table_id", 
"column_id")
 VALUES ('uniq_emailtemplate$oauthpayload_session_emailtemplate$oauthpayloadid', 
'4ed997c4-b697-461f-ac5d-66665fe2d613', 
'de768eda-ec5d-33aa-88ad-1f5e519fad67');
CREATE TABLE "emailtemplate$emaillog" (
	"id" BIGINT NOT NULL,
	"created" TIMESTAMP NULL,
	"logtype" VARCHAR_IGNORECASE(7) NULL,
	"message" VARCHAR_IGNORECASE(2147483647) NULL,
	"errormessage" VARCHAR_IGNORECASE(2147483647) NULL,
	"triggeredinmf" VARCHAR_IGNORECASE(200) NULL,
	"stacktrace" VARCHAR_IGNORECASE(2147483647) NULL,
	PRIMARY KEY("id"));
CREATE INDEX "idx_emailtemplate$emaillog_created_asc" ON "emailtemplate$emaillog" ("created" ASC,"id" ASC);
INSERT INTO "mendixsystem$entity" ("id", 
"entity_name", 
"table_name", 
"remote", 
"remote_primary_key")
 VALUES ('e81e50ea-7c62-42e6-8baf-e4c7e2143900', 
'EmailTemplate.EmailLog', 
'emailtemplate$emaillog', 
false, 
false);
INSERT INTO "mendixsystem$attribute" ("id", 
"entity_id", 
"attribute_name", 
"column_name", 
"type", 
"length", 
"default_value", 
"is_auto_number")
 VALUES ('677309b0-0cbc-4d8f-9bf2-251f563a3705', 
'e81e50ea-7c62-42e6-8baf-e4c7e2143900', 
'Created', 
'created', 
20, 
0, 
'', 
false);
INSERT INTO "mendixsystem$attribute" ("id", 
"entity_id", 
"attribute_name", 
"column_name", 
"type", 
"length", 
"default_value", 
"is_auto_number")
 VALUES ('20bd8d94-ac87-4f69-a962-52846a13eb7b', 
'e81e50ea-7c62-42e6-8baf-e4c7e2143900', 
'Logtype', 
'logtype', 
40, 
7, 
'', 
false);
INSERT INTO "mendixsystem$attribute" ("id", 
"entity_id", 
"attribute_name", 
"column_name", 
"type", 
"length", 
"default_value", 
"is_auto_number")
 VALUES ('e46dee51-e95c-4192-8200-0e2863f265e8', 
'e81e50ea-7c62-42e6-8baf-e4c7e2143900', 
'Message', 
'message', 
30, 
0, 
'', 
false);
INSERT INTO "mendixsystem$attribute" ("id", 
"entity_id", 
"attribute_name", 
"column_name", 
"type", 
"length", 
"default_value", 
"is_auto_number")
 VALUES ('1842d797-ff36-4cbc-a4ed-8e4416896a0c', 
'e81e50ea-7c62-42e6-8baf-e4c7e2143900', 
'ErrorMessage', 
'errormessage', 
30, 
0, 
'', 
false);
INSERT INTO "mendixsystem$attribute" ("id", 
"entity_id", 
"attribute_name", 
"column_name", 
"type", 
"length", 
"default_value", 
"is_auto_number")
 VALUES ('d47a8578-421b-4744-9765-1ac99bee3777', 
'e81e50ea-7c62-42e6-8baf-e4c7e2143900', 
'TriggeredInMF', 
'triggeredinmf', 
30, 
200, 
'', 
false);
INSERT INTO "mendixsystem$attribute" ("id", 
"entity_id", 
"attribute_name", 
"column_name", 
"type", 
"length", 
"default_value", 
"is_auto_number")
 VALUES ('48238d4d-28a7-4747-8f9d-137c39125f92', 
'e81e50ea-7c62-42e6-8baf-e4c7e2143900', 
'StackTrace', 
'stacktrace', 
30, 
0, 
'', 
false);
INSERT INTO "mendixsystem$index" ("id", 
"table_id", 
"index_name")
 VALUES ('fd653448-55c6-445e-9532-57826895288b', 
'e81e50ea-7c62-42e6-8baf-e4c7e2143900', 
'idx_emailtemplate$emaillog_created_asc');
INSERT INTO "mendixsystem$index_column" ("index_id", 
"column_id", 
"sort_order", 
"ordinal")
 VALUES ('fd653448-55c6-445e-9532-57826895288b', 
'677309b0-0cbc-4d8f-9bf2-251f563a3705', 
false, 
0);
CREATE TABLE "mxmodelreflection$mxobjectenumcaptions" (
	"id" BIGINT NOT NULL,
	"caption" VARCHAR_IGNORECASE(200) NULL,
	"languagecode" VARCHAR_IGNORECASE(8) NULL,
	"languagename" VARCHAR_IGNORECASE(200) NULL,
	"createddate" TIMESTAMP NULL,
	"changeddate" TIMESTAMP NULL,
	"system$owner" BIGINT NULL,
	"system$changedby" BIGINT NULL,
	PRIMARY KEY("id"));
CREATE INDEX "idx_mxmodelreflection$mxobjectenumcaptions_system$owner" ON "mxmodelreflection$mxobjectenumcaptions" ("system$owner" ASC,"id" ASC);
CREATE INDEX "idx_mxmodelreflection$mxobjectenumcaptions_system$changedby" ON "mxmodelreflection$mxobjectenumcaptions" ("system$changedby" ASC,"id" ASC);
INSERT INTO "mendixsystem$entity" ("id", 
"entity_name", 
"table_name", 
"remote", 
"remote_primary_key")
 VALUES ('5e53cdc2-ec1e-4a57-90df-1913cca8fefa', 
'MxModelReflection.MxObjectEnumCaptions', 
'mxmodelreflection$mxobjectenumcaptions', 
false, 
false);
INSERT INTO "mendixsystem$attribute" ("id", 
"entity_id", 
"attribute_name", 
"column_name", 
"type", 
"length", 
"default_value", 
"is_auto_number")
 VALUES ('90937132-fabd-4388-9f00-c8cd62de8f69', 
'5e53cdc2-ec1e-4a57-90df-1913cca8fefa', 
'Caption', 
'caption', 
30, 
200, 
'', 
false);
INSERT INTO "mendixsystem$attribute" ("id", 
"entity_id", 
"attribute_name", 
"column_name", 
"type", 
"length", 
"default_value", 
"is_auto_number")
 VALUES ('c22f5730-163d-4b59-90d3-ccd4c218f37b', 
'5e53cdc2-ec1e-4a57-90df-1913cca8fefa', 
'LanguageCode', 
'languagecode', 
30, 
8, 
'', 
false);
INSERT INTO "mendixsystem$attribute" ("id", 
"entity_id", 
"attribute_name", 
"column_name", 
"type", 
"length", 
"default_value", 
"is_auto_number")
 VALUES ('5461aeb6-99aa-4f32-a44a-c6cab46bf553', 
'5e53cdc2-ec1e-4a57-90df-1913cca8fefa', 
'LanguageName', 
'languagename', 
30, 
200, 
'', 
false);
INSERT INTO "mendixsystem$attribute" ("id", 
"entity_id", 
"attribute_name", 
"column_name", 
"type", 
"length", 
"default_value", 
"is_auto_number")
 VALUES ('acd945c1-7ab2-318f-9e10-6f07a03193d2', 
'5e53cdc2-ec1e-4a57-90df-1913cca8fefa', 
'createdDate', 
'createddate', 
20, 
0, 
'', 
false);
INSERT INTO "mendixsystem$attribute" ("id", 
"entity_id", 
"attribute_name", 
"column_name", 
"type", 
"length", 
"default_value", 
"is_auto_number")
 VALUES ('db6cc64a-8357-3a12-9f2f-2e1ef9f8cfc6', 
'5e53cdc2-ec1e-4a57-90df-1913cca8fefa', 
'changedDate', 
'changeddate', 
20, 
0, 
'', 
false);
INSERT INTO "mendixsystem$index" ("id", 
"table_id", 
"index_name")
 VALUES ('6a916ce5-c3f3-3fc6-959a-890978fd623f', 
'5e53cdc2-ec1e-4a57-90df-1913cca8fefa', 
'idx_mxmodelreflection$mxobjectenumcaptions_system$owner');
INSERT INTO "mendixsystem$index_column" ("index_id", 
"column_id", 
"sort_order", 
"ordinal")
 VALUES ('6a916ce5-c3f3-3fc6-959a-890978fd623f', 
'0404f455-1bfc-3cfd-a462-7b3ad4fd1c0d', 
false, 
0);
INSERT INTO "mendixsystem$index" ("id", 
"table_id", 
"index_name")
 VALUES ('db838906-20a5-3a20-aa41-5c7bdce24788', 
'5e53cdc2-ec1e-4a57-90df-1913cca8fefa', 
'idx_mxmodelreflection$mxobjectenumcaptions_system$changedby');
INSERT INTO "mendixsystem$index_column" ("index_id", 
"column_id", 
"sort_order", 
"ordinal")
 VALUES ('db838906-20a5-3a20-aa41-5c7bdce24788', 
'9254a871-85da-3fff-816c-5a37d294ce85', 
false, 
0);
INSERT INTO "mendixsystem$association" ("id", 
"association_name", 
"table_name", 
"parent_entity_id", 
"child_entity_id", 
"parent_column_name", 
"child_column_name")
 VALUES ('0404f455-1bfc-3cfd-a462-7b3ad4fd1c0d', 
'System.owner', 
'system$owner', 
'5e53cdc2-ec1e-4a57-90df-1913cca8fefa', 
'282e2e60-88a5-469d-84a5-ba8d9151644f', 
'id', 
'system$owner');
INSERT INTO "mendixsystem$association" ("id", 
"association_name", 
"table_name", 
"parent_entity_id", 
"child_entity_id", 
"parent_column_name", 
"child_column_name")
 VALUES ('9254a871-85da-3fff-816c-5a37d294ce85', 
'System.changedBy', 
'system$changedby', 
'5e53cdc2-ec1e-4a57-90df-1913cca8fefa', 
'282e2e60-88a5-469d-84a5-ba8d9151644f', 
'id', 
'system$changedby');
CREATE TABLE "emailtemplate$attachment" (
	"id" BIGINT NOT NULL,
	PRIMARY KEY("id"));
INSERT INTO "mendixsystem$entity" ("id", 
"entity_name", 
"table_name", 
"superentity_id", 
"remote", 
"remote_primary_key")
 VALUES ('a22026c2-76da-4793-a198-cf63d0ed66d9', 
'EmailTemplate.Attachment', 
'emailtemplate$attachment', 
'170ce49d-f29c-4fac-99a6-b55e8a3aeb39', 
false, 
false);
CREATE TABLE "emailtemplate$attachment_email" (
	"emailtemplate$attachmentid" BIGINT NOT NULL,
	"emailtemplate$emailid" BIGINT NOT NULL,
	PRIMARY KEY("emailtemplate$attachmentid","emailtemplate$emailid"),
	CONSTRAINT "uniq_emailtemplate$attachment_email_emailtemplate$attachmentid" UNIQUE ("emailtemplate$attachmentid"));
CREATE INDEX "idx_emailtemplate$attachment_email_emailtemplate$email_emailtemplate$attachment" ON "emailtemplate$attachment_email" ("emailtemplate$emailid" ASC,"emailtemplate$attachmentid" ASC);
INSERT INTO "mendixsystem$association" ("id", 
"association_name", 
"table_name", 
"parent_entity_id", 
"child_entity_id", 
"parent_column_name", 
"child_column_name", 
"index_name")
 VALUES ('70d92102-bc2a-4800-bea2-59c0a8a6f880', 
'EmailTemplate.Attachment_Email', 
'emailtemplate$attachment_email', 
'a22026c2-76da-4793-a198-cf63d0ed66d9', 
'd1c7143d-8fad-4d5b-b160-6cde6460e368', 
'emailtemplate$attachmentid', 
'emailtemplate$emailid', 
'idx_emailtemplate$attachment_email_emailtemplate$email_emailtemplate$attachment');
INSERT INTO "mendixsystem$unique_constraint" ("name", 
"table_id", 
"column_id")
 VALUES ('uniq_emailtemplate$attachment_email_emailtemplate$attachmentid', 
'70d92102-bc2a-4800-bea2-59c0a8a6f880', 
'7351295a-3795-35e1-b5b2-803446b8edf5');
CREATE TABLE "emailtemplate$attachment_emailtemplate" (
	"emailtemplate$attachmentid" BIGINT NOT NULL,
	"emailtemplate$emailtemplateid" BIGINT NOT NULL,
	PRIMARY KEY("emailtemplate$attachmentid","emailtemplate$emailtemplateid"),
	CONSTRAINT "uniq_emailtemplate$attachment_emailtemplate_emailtemplate$attachmentid" UNIQUE ("emailtemplate$attachmentid"));
CREATE INDEX "idx_emailtemplate$attachment_emailtemplate_emailtemplate$emailtemplate_emailtemplate$attachment" ON "emailtemplate$attachment_emailtemplate" ("emailtemplate$emailtemplateid" ASC,"emailtemplate$attachmentid" ASC);
INSERT INTO "mendixsystem$association" ("id", 
"association_name", 
"table_name", 
"parent_entity_id", 
"child_entity_id", 
"parent_column_name", 
"child_column_name", 
"index_name")
 VALUES ('a3593704-aeca-4677-86fa-1352a71527ca', 
'EmailTemplate.Attachment_EmailTemplate', 
'emailtemplate$attachment_emailtemplate', 
'a22026c2-76da-4793-a198-cf63d0ed66d9', 
'946dfdd3-1405-47af-9d2d-ce241621e0fc', 
'emailtemplate$attachmentid', 
'emailtemplate$emailtemplateid', 
'idx_emailtemplate$attachment_emailtemplate_emailtemplate$emailtemplate_emailtemplate$attachment');
INSERT INTO "mendixsystem$unique_constraint" ("name", 
"table_id", 
"column_id")
 VALUES ('uniq_emailtemplate$attachment_emailtemplate_emailtemplate$attachmentid', 
'a3593704-aeca-4677-86fa-1352a71527ca', 
'b1650519-e75c-3c9b-92b8-fa4b88e4be49');
CREATE TABLE "mxmodelreflection$module" (
	"id" BIGINT NOT NULL,
	"modulename" VARCHAR_IGNORECASE(200) NULL,
	"synchronizeobjectswithinmodule" BOOLEAN NULL,
	PRIMARY KEY("id"));
INSERT INTO "mendixsystem$entity" ("id", 
"entity_name", 
"table_name", 
"remote", 
"remote_primary_key")
 VALUES ('6162a266-a4df-4d47-a002-58657fe55e48', 
'MxModelReflection.Module', 
'mxmodelreflection$module', 
false, 
false);
INSERT INTO "mendixsystem$attribute" ("id", 
"entity_id", 
"attribute_name", 
"column_name", 
"type", 
"length", 
"default_value", 
"is_auto_number")
 VALUES ('565e2694-cdda-4434-8930-4fa924c98531', 
'6162a266-a4df-4d47-a002-58657fe55e48', 
'ModuleName', 
'modulename', 
30, 
200, 
'', 
false);
INSERT INTO "mendixsystem$attribute" ("id", 
"entity_id", 
"attribute_name", 
"column_name", 
"type", 
"length", 
"default_value", 
"is_auto_number")
 VALUES ('0b4dde94-ffd3-4217-ae4b-e62ad1a177c1', 
'6162a266-a4df-4d47-a002-58657fe55e48', 
'SynchronizeObjectsWithinModule', 
'synchronizeobjectswithinmodule', 
10, 
0, 
'false', 
false);
CREATE TABLE "mxmodelreflection$mxobjecttype" (
	"id" BIGINT NOT NULL,
	"completename" VARCHAR_IGNORECASE(200) NULL,
	"name" VARCHAR_IGNORECASE(200) NULL,
	"module" VARCHAR_IGNORECASE(200) NULL,
	"readablename" VARCHAR_IGNORECASE(400) NULL,
	"persistencetype" VARCHAR_IGNORECASE(14) NULL,
	"createddate" TIMESTAMP NULL,
	"changeddate" TIMESTAMP NULL,
	"system$owner" BIGINT NULL,
	"system$changedby" BIGINT NULL,
	PRIMARY KEY("id"));
CREATE INDEX "idx_mxmodelreflection$mxobjecttype_system$owner" ON "mxmodelreflection$mxobjecttype" ("system$owner" ASC,"id" ASC);
CREATE INDEX "idx_mxmodelreflection$mxobjecttype_system$changedby" ON "mxmodelreflection$mxobjecttype" ("system$changedby" ASC,"id" ASC);
INSERT INTO "mendixsystem$entity" ("id", 
"entity_name", 
"table_name", 
"remote", 
"remote_primary_key")
 VALUES ('2750feee-09aa-4b3a-abdc-807f553d0c73', 
'MxModelReflection.MxObjectType', 
'mxmodelreflection$mxobjecttype', 
false, 
false);
INSERT INTO "mendixsystem$attribute" ("id", 
"entity_id", 
"attribute_name", 
"column_name", 
"type", 
"length", 
"default_value", 
"is_auto_number")
 VALUES ('a25477c1-7d05-4b43-a868-cebdbb402794', 
'2750feee-09aa-4b3a-abdc-807f553d0c73', 
'CompleteName', 
'completename', 
30, 
200, 
'', 
false);
INSERT INTO "mendixsystem$attribute" ("id", 
"entity_id", 
"attribute_name", 
"column_name", 
"type", 
"length", 
"default_value", 
"is_auto_number")
 VALUES ('0bd837ec-f6cc-42bf-9771-39d6d5af66fa', 
'2750feee-09aa-4b3a-abdc-807f553d0c73', 
'Name', 
'name', 
30, 
200, 
'', 
false);
INSERT INTO "mendixsystem$attribute" ("id", 
"entity_id", 
"attribute_name", 
"column_name", 
"type", 
"length", 
"default_value", 
"is_auto_number")
 VALUES ('6da8b50b-d269-4934-bb07-b335d68314e8', 
'2750feee-09aa-4b3a-abdc-807f553d0c73', 
'Module', 
'module', 
30, 
200, 
'', 
false);
INSERT INTO "mendixsystem$attribute" ("id", 
"entity_id", 
"attribute_name", 
"column_name", 
"type", 
"length", 
"default_value", 
"is_auto_number")
 VALUES ('9406ce4b-3db2-461e-9204-d952c6ecfd23', 
'2750feee-09aa-4b3a-abdc-807f553d0c73', 
'ReadableName', 
'readablename', 
30, 
400, 
'', 
false);
INSERT INTO "mendixsystem$attribute" ("id", 
"entity_id", 
"attribute_name", 
"column_name", 
"type", 
"length", 
"default_value", 
"is_auto_number")
 VALUES ('88ef4b60-21e1-4da3-86fb-1a619a42b91e', 
'2750feee-09aa-4b3a-abdc-807f553d0c73', 
'PersistenceType', 
'persistencetype', 
40, 
14, 
'Persistable', 
false);
INSERT INTO "mendixsystem$attribute" ("id", 
"entity_id", 
"attribute_name", 
"column_name", 
"type", 
"length", 
"default_value", 
"is_auto_number")
 VALUES ('0bf25197-54ec-338d-9b58-6963bb041c71', 
'2750feee-09aa-4b3a-abdc-807f553d0c73', 
'createdDate', 
'createddate', 
20, 
0, 
'', 
false);
INSERT INTO "mendixsystem$attribute" ("id", 
"entity_id", 
"attribute_name", 
"column_name", 
"type", 
"length", 
"default_value", 
"is_auto_number")
 VALUES ('a29331de-aca8-3954-81be-890d7c3cde61', 
'2750feee-09aa-4b3a-abdc-807f553d0c73', 
'changedDate', 
'changeddate', 
20, 
0, 
'', 
false);
INSERT INTO "mendixsystem$index" ("id", 
"table_id", 
"index_name")
 VALUES ('f20cc88d-25bd-30a6-af0a-402845c178f0', 
'2750feee-09aa-4b3a-abdc-807f553d0c73', 
'idx_mxmodelreflection$mxobjecttype_system$owner');
INSERT INTO "mendixsystem$index_column" ("index_id", 
"column_id", 
"sort_order", 
"ordinal")
 VALUES ('f20cc88d-25bd-30a6-af0a-402845c178f0', 
'f295813e-8fae-3f76-9be4-6086bd7b1806', 
false, 
0);
INSERT INTO "mendixsystem$index" ("id", 
"table_id", 
"index_name")
 VALUES ('7e036fe4-8101-36fe-a0d2-2a02a52379bb', 
'2750feee-09aa-4b3a-abdc-807f553d0c73', 
'idx_mxmodelreflection$mxobjecttype_system$changedby');
INSERT INTO "mendixsystem$index_column" ("index_id", 
"column_id", 
"sort_order", 
"ordinal")
 VALUES ('7e036fe4-8101-36fe-a0d2-2a02a52379bb', 
'f0689df7-3e10-3788-ae00-5fdb8f5a81bb', 
false, 
0);
INSERT INTO "mendixsystem$association" ("id", 
"association_name", 
"table_name", 
"parent_entity_id", 
"child_entity_id", 
"parent_column_name", 
"child_column_name")
 VALUES ('f295813e-8fae-3f76-9be4-6086bd7b1806', 
'System.owner', 
'system$owner', 
'2750feee-09aa-4b3a-abdc-807f553d0c73', 
'282e2e60-88a5-469d-84a5-ba8d9151644f', 
'id', 
'system$owner');
INSERT INTO "mendixsystem$association" ("id", 
"association_name", 
"table_name", 
"parent_entity_id", 
"child_entity_id", 
"parent_column_name", 
"child_column_name")
 VALUES ('f0689df7-3e10-3788-ae00-5fdb8f5a81bb', 
'System.changedBy', 
'system$changedby', 
'2750feee-09aa-4b3a-abdc-807f553d0c73', 
'282e2e60-88a5-469d-84a5-ba8d9151644f', 
'id', 
'system$changedby');
CREATE TABLE "mxmodelreflection$mxobjecttype_subclassof_mxobjecttype" (
	"mxmodelreflection$mxobjecttypeid1" BIGINT NOT NULL,
	"mxmodelreflection$mxobjecttypeid2" BIGINT NOT NULL,
	PRIMARY KEY("mxmodelreflection$mxobjecttypeid1","mxmodelreflection$mxobjecttypeid2"));
CREATE INDEX "idx_mxmodelreflection$mxobjecttype_subclassof_mxobjecttype_mxmodelreflection$mxobjecttype_mxmodelreflection$mxobjecttype" ON "mxmodelreflection$mxobjecttype_subclassof_mxobjecttype" ("mxmodelreflection$mxobjecttypeid2" ASC,"mxmodelreflection$mxobjecttypeid1" ASC);
INSERT INTO "mendixsystem$association" ("id", 
"association_name", 
"table_name", 
"parent_entity_id", 
"child_entity_id", 
"parent_column_name", 
"child_column_name", 
"index_name")
 VALUES ('62db5ce2-9c62-49c8-91a9-18cb0a9d399a', 
'MxModelReflection.MxObjectType_SubClassOf_MxObjectType', 
'mxmodelreflection$mxobjecttype_subclassof_mxobjecttype', 
'2750feee-09aa-4b3a-abdc-807f553d0c73', 
'2750feee-09aa-4b3a-abdc-807f553d0c73', 
'mxmodelreflection$mxobjecttypeid1', 
'mxmodelreflection$mxobjecttypeid2', 
'idx_mxmodelreflection$mxobjecttype_subclassof_mxobjecttype_mxmodelreflection$mxobjecttype_mxmodelreflection$mxobjecttype');
CREATE TABLE "mxmodelreflection$mxobjecttype_module" (
	"mxmodelreflection$mxobjecttypeid" BIGINT NOT NULL,
	"mxmodelreflection$moduleid" BIGINT NOT NULL,
	PRIMARY KEY("mxmodelreflection$mxobjecttypeid","mxmodelreflection$moduleid"),
	CONSTRAINT "uniq_mxmodelreflection$mxobjecttype_module_mxmodelreflection$mxobjecttypeid" UNIQUE ("mxmodelreflection$mxobjecttypeid"));
CREATE INDEX "idx_mxmodelreflection$mxobjecttype_module_mxmodelreflection$module_mxmodelreflection$mxobjecttype" ON "mxmodelreflection$mxobjecttype_module" ("mxmodelreflection$moduleid" ASC,"mxmodelreflection$mxobjecttypeid" ASC);
INSERT INTO "mendixsystem$association" ("id", 
"association_name", 
"table_name", 
"parent_entity_id", 
"child_entity_id", 
"parent_column_name", 
"child_column_name", 
"index_name")
 VALUES ('522a5b29-e19c-406e-b123-85638fe6d8ca', 
'MxModelReflection.MxObjectType_Module', 
'mxmodelreflection$mxobjecttype_module', 
'2750feee-09aa-4b3a-abdc-807f553d0c73', 
'6162a266-a4df-4d47-a002-58657fe55e48', 
'mxmodelreflection$mxobjecttypeid', 
'mxmodelreflection$moduleid', 
'idx_mxmodelreflection$mxobjecttype_module_mxmodelreflection$module_mxmodelreflection$mxobjecttype');
INSERT INTO "mendixsystem$unique_constraint" ("name", 
"table_id", 
"column_id")
 VALUES ('uniq_mxmodelreflection$mxobjecttype_module_mxmodelreflection$mxobjecttypeid', 
'522a5b29-e19c-406e-b123-85638fe6d8ca', 
'ab66674c-968b-3e6f-9ce7-edc16b5d2810');
UPDATE "mendixsystem$version"
 SET "versionnumber" = '4.2', 
"lastsyncdate" = '20220822 11:14:44';
