CREATE TABLE "deeplink$pendinglink" (
	"id" BIGINT NOT NULL,
	"user" VARCHAR_IGNORECASE(200) NULL,
	"argument" BIGINT NULL,
	"stringargument" VARCHAR_IGNORECASE(2147483647) NULL,
	"sessionid" VARCHAR_IGNORECASE(50) NULL,
	"createddate" TIMESTAMP NULL,
	"changeddate" TIMESTAMP NULL,
	"system$owner" BIGINT NULL,
	"system$changedby" BIGINT NULL,
	PRIMARY KEY("id"));
CREATE INDEX "idx_deeplink$pendinglink_system$owner" ON "deeplink$pendinglink" ("system$owner" ASC,"id" ASC);
CREATE INDEX "idx_deeplink$pendinglink_system$changedby" ON "deeplink$pendinglink" ("system$changedby" ASC,"id" ASC);
INSERT INTO "mendixsystem$entity" ("id", 
"entity_name", 
"table_name", 
"remote", 
"remote_primary_key")
 VALUES ('43d08abb-811e-451f-b14c-603c91830d35', 
'DeepLink.PendingLink', 
'deeplink$pendinglink', 
false, 
false);
INSERT INTO "mendixsystem$attribute" ("id", 
"entity_id", 
"attribute_name", 
"column_name", 
"type", 
"length", 
"default_value", 
"is_auto_number")
 VALUES ('90c260b3-e64b-469a-a6bc-76ae8b247467', 
'43d08abb-811e-451f-b14c-603c91830d35', 
'User', 
'user', 
30, 
200, 
'', 
false);
INSERT INTO "mendixsystem$attribute" ("id", 
"entity_id", 
"attribute_name", 
"column_name", 
"type", 
"length", 
"default_value", 
"is_auto_number")
 VALUES ('e5b6a939-4da3-42eb-88cd-4896ac8e3bf5', 
'43d08abb-811e-451f-b14c-603c91830d35', 
'Argument', 
'argument', 
4, 
0, 
'0', 
false);
INSERT INTO "mendixsystem$attribute" ("id", 
"entity_id", 
"attribute_name", 
"column_name", 
"type", 
"length", 
"default_value", 
"is_auto_number")
 VALUES ('2e3cc300-ee53-4984-b0e7-347c33cbc362', 
'43d08abb-811e-451f-b14c-603c91830d35', 
'StringArgument', 
'stringargument', 
30, 
0, 
'', 
false);
INSERT INTO "mendixsystem$attribute" ("id", 
"entity_id", 
"attribute_name", 
"column_name", 
"type", 
"length", 
"default_value", 
"is_auto_number")
 VALUES ('8404675d-b8dc-4da0-8969-ca0fd497bc36', 
'43d08abb-811e-451f-b14c-603c91830d35', 
'SessionId', 
'sessionid', 
30, 
50, 
'', 
false);
INSERT INTO "mendixsystem$attribute" ("id", 
"entity_id", 
"attribute_name", 
"column_name", 
"type", 
"length", 
"default_value", 
"is_auto_number")
 VALUES ('48af5348-13b8-3490-966a-129f546fc207', 
'43d08abb-811e-451f-b14c-603c91830d35', 
'createdDate', 
'createddate', 
20, 
0, 
'', 
false);
INSERT INTO "mendixsystem$attribute" ("id", 
"entity_id", 
"attribute_name", 
"column_name", 
"type", 
"length", 
"default_value", 
"is_auto_number")
 VALUES ('d1a7e225-c91e-3e89-af05-31d2bd99934f', 
'43d08abb-811e-451f-b14c-603c91830d35', 
'changedDate', 
'changeddate', 
20, 
0, 
'', 
false);
INSERT INTO "mendixsystem$index" ("id", 
"table_id", 
"index_name")
 VALUES ('c981e18c-5bf4-3b34-a0a3-fe77979c6c59', 
'43d08abb-811e-451f-b14c-603c91830d35', 
'idx_deeplink$pendinglink_system$owner');
INSERT INTO "mendixsystem$index_column" ("index_id", 
"column_id", 
"sort_order", 
"ordinal")
 VALUES ('c981e18c-5bf4-3b34-a0a3-fe77979c6c59', 
'a999d28c-6804-399e-9c13-3f43fd2eae93', 
false, 
0);
INSERT INTO "mendixsystem$index" ("id", 
"table_id", 
"index_name")
 VALUES ('9fe241f8-d95a-3ba6-979c-ce35dbf2ad1c', 
'43d08abb-811e-451f-b14c-603c91830d35', 
'idx_deeplink$pendinglink_system$changedby');
INSERT INTO "mendixsystem$index_column" ("index_id", 
"column_id", 
"sort_order", 
"ordinal")
 VALUES ('9fe241f8-d95a-3ba6-979c-ce35dbf2ad1c', 
'a7d98330-3869-36ca-a0bf-9518ca53fca8', 
false, 
0);
INSERT INTO "mendixsystem$association" ("id", 
"association_name", 
"table_name", 
"parent_entity_id", 
"child_entity_id", 
"parent_column_name", 
"child_column_name")
 VALUES ('a999d28c-6804-399e-9c13-3f43fd2eae93', 
'System.owner', 
'system$owner', 
'43d08abb-811e-451f-b14c-603c91830d35', 
'282e2e60-88a5-469d-84a5-ba8d9151644f', 
'id', 
'system$owner');
INSERT INTO "mendixsystem$association" ("id", 
"association_name", 
"table_name", 
"parent_entity_id", 
"child_entity_id", 
"parent_column_name", 
"child_column_name")
 VALUES ('a7d98330-3869-36ca-a0bf-9518ca53fca8', 
'System.changedBy', 
'system$changedby', 
'43d08abb-811e-451f-b14c-603c91830d35', 
'282e2e60-88a5-469d-84a5-ba8d9151644f', 
'id', 
'system$changedby');
CREATE TABLE "deeplink$pendinglink_deeplink" (
	"deeplink$pendinglinkid" BIGINT NOT NULL,
	"deeplink$deeplinkid" BIGINT NOT NULL,
	PRIMARY KEY("deeplink$pendinglinkid","deeplink$deeplinkid"),
	CONSTRAINT "uniq_deeplink$pendinglink_deeplink_deeplink$pendinglinkid" UNIQUE ("deeplink$pendinglinkid"));
CREATE INDEX "idx_deeplink$pendinglink_deeplink_deeplink$deeplink_deeplink$pendinglink" ON "deeplink$pendinglink_deeplink" ("deeplink$deeplinkid" ASC,"deeplink$pendinglinkid" ASC);
INSERT INTO "mendixsystem$association" ("id", 
"association_name", 
"table_name", 
"parent_entity_id", 
"child_entity_id", 
"parent_column_name", 
"child_column_name", 
"index_name")
 VALUES ('c304fe1d-cedd-4462-a159-7853cb9a68f1', 
'DeepLink.PendingLink_DeepLink', 
'deeplink$pendinglink_deeplink', 
'43d08abb-811e-451f-b14c-603c91830d35', 
'1603491d-4710-40b4-8fe4-1b555f479563', 
'deeplink$pendinglinkid', 
'deeplink$deeplinkid', 
'idx_deeplink$pendinglink_deeplink_deeplink$deeplink_deeplink$pendinglink');
INSERT INTO "mendixsystem$unique_constraint" ("name", 
"table_id", 
"column_id")
 VALUES ('uniq_deeplink$pendinglink_deeplink_deeplink$pendinglinkid', 
'c304fe1d-cedd-4462-a159-7853cb9a68f1', 
'905b84e6-4cd9-3d33-8a52-a1568ae0ea04');
CREATE TABLE "deeplink$deeplink" (
	"id" BIGINT NOT NULL,
	"name" VARCHAR_IGNORECASE(200) NULL,
	"description" VARCHAR_IGNORECASE(2147483647) NULL,
	"microflow" VARCHAR_IGNORECASE(200) NULL,
	"objecttype" VARCHAR_IGNORECASE(200) NULL,
	"objectattribute" VARCHAR_IGNORECASE(200) NULL,
	"allowguests" BOOLEAN NULL,
	"usestringargument" BOOLEAN NULL,
	"separategetparameters" BOOLEAN NULL,
	"useashome" BOOLEAN NULL,
	"indexpage" VARCHAR_IGNORECASE(100) NULL,
	"hitcount" INT NULL,
	"argumentexample" VARCHAR_IGNORECASE(600) NULL,
	"useobjectargument" BOOLEAN NULL,
	"createddate" TIMESTAMP NULL,
	"changeddate" TIMESTAMP NULL,
	"system$changedby" BIGINT NULL,
	"system$owner" BIGINT NULL,
	PRIMARY KEY("id"),
	CONSTRAINT "uniq_deeplink$deeplink_name" UNIQUE ("name"));
CREATE INDEX "idx_deeplink$deeplink_system$changedby" ON "deeplink$deeplink" ("system$changedby" ASC,"id" ASC);
CREATE INDEX "idx_deeplink$deeplink_system$owner" ON "deeplink$deeplink" ("system$owner" ASC,"id" ASC);
INSERT INTO "mendixsystem$entity" ("id", 
"entity_name", 
"table_name", 
"remote", 
"remote_primary_key")
 VALUES ('1603491d-4710-40b4-8fe4-1b555f479563', 
'DeepLink.DeepLink', 
'deeplink$deeplink', 
false, 
false);
INSERT INTO "mendixsystem$attribute" ("id", 
"entity_id", 
"attribute_name", 
"column_name", 
"type", 
"length", 
"default_value", 
"is_auto_number")
 VALUES ('e9e8a834-682c-4d45-965e-a6db63f600a5', 
'1603491d-4710-40b4-8fe4-1b555f479563', 
'Name', 
'name', 
30, 
200, 
'', 
false);
INSERT INTO "mendixsystem$attribute" ("id", 
"entity_id", 
"attribute_name", 
"column_name", 
"type", 
"length", 
"default_value", 
"is_auto_number")
 VALUES ('8dac847d-d8aa-48ee-8707-79351c6fec0c', 
'1603491d-4710-40b4-8fe4-1b555f479563', 
'Description', 
'description', 
30, 
0, 
'', 
false);
INSERT INTO "mendixsystem$attribute" ("id", 
"entity_id", 
"attribute_name", 
"column_name", 
"type", 
"length", 
"default_value", 
"is_auto_number")
 VALUES ('fff8c5f5-a688-4e8e-8cb6-9c97ea5597cc', 
'1603491d-4710-40b4-8fe4-1b555f479563', 
'Microflow', 
'microflow', 
30, 
200, 
'', 
false);
INSERT INTO "mendixsystem$attribute" ("id", 
"entity_id", 
"attribute_name", 
"column_name", 
"type", 
"length", 
"default_value", 
"is_auto_number")
 VALUES ('a2b1f22a-4872-4547-a339-5125778d7c1b', 
'1603491d-4710-40b4-8fe4-1b555f479563', 
'ObjectType', 
'objecttype', 
30, 
200, 
'', 
false);
INSERT INTO "mendixsystem$attribute" ("id", 
"entity_id", 
"attribute_name", 
"column_name", 
"type", 
"length", 
"default_value", 
"is_auto_number")
 VALUES ('1e2ad03e-eb72-4303-87a9-09218cd617b3', 
'1603491d-4710-40b4-8fe4-1b555f479563', 
'ObjectAttribute', 
'objectattribute', 
30, 
200, 
'', 
false);
INSERT INTO "mendixsystem$attribute" ("id", 
"entity_id", 
"attribute_name", 
"column_name", 
"type", 
"length", 
"default_value", 
"is_auto_number")
 VALUES ('496793c9-3130-4ef3-946d-d721ff041fc0', 
'1603491d-4710-40b4-8fe4-1b555f479563', 
'AllowGuests', 
'allowguests', 
10, 
0, 
'false', 
false);
INSERT INTO "mendixsystem$attribute" ("id", 
"entity_id", 
"attribute_name", 
"column_name", 
"type", 
"length", 
"default_value", 
"is_auto_number")
 VALUES ('92698d72-5660-4646-86dd-905039c109b3', 
'1603491d-4710-40b4-8fe4-1b555f479563', 
'UseStringArgument', 
'usestringargument', 
10, 
0, 
'false', 
false);
INSERT INTO "mendixsystem$attribute" ("id", 
"entity_id", 
"attribute_name", 
"column_name", 
"type", 
"length", 
"default_value", 
"is_auto_number")
 VALUES ('5c86d217-62a4-4266-a171-78aa73bff9c9', 
'1603491d-4710-40b4-8fe4-1b555f479563', 
'SeparateGetParameters', 
'separategetparameters', 
10, 
0, 
'false', 
false);
INSERT INTO "mendixsystem$attribute" ("id", 
"entity_id", 
"attribute_name", 
"column_name", 
"type", 
"length", 
"default_value", 
"is_auto_number")
 VALUES ('47dc89cd-a257-4a8c-b75f-b771140af98f', 
'1603491d-4710-40b4-8fe4-1b555f479563', 
'UseAsHome', 
'useashome', 
10, 
0, 
'false', 
false);
INSERT INTO "mendixsystem$attribute" ("id", 
"entity_id", 
"attribute_name", 
"column_name", 
"type", 
"length", 
"default_value", 
"is_auto_number")
 VALUES ('033e604c-a629-4526-b7b2-d1abf0cd5a89', 
'1603491d-4710-40b4-8fe4-1b555f479563', 
'IndexPage', 
'indexpage', 
30, 
100, 
'', 
false);
INSERT INTO "mendixsystem$attribute" ("id", 
"entity_id", 
"attribute_name", 
"column_name", 
"type", 
"length", 
"default_value", 
"is_auto_number")
 VALUES ('724cfb40-8987-4e75-a20b-2c8470892904', 
'1603491d-4710-40b4-8fe4-1b555f479563', 
'HitCount', 
'hitcount', 
3, 
0, 
'0', 
false);
INSERT INTO "mendixsystem$attribute" ("id", 
"entity_id", 
"attribute_name", 
"column_name", 
"type", 
"length", 
"default_value", 
"is_auto_number")
 VALUES ('7c84be91-7a6c-4685-b29f-198daa894415', 
'1603491d-4710-40b4-8fe4-1b555f479563', 
'ArgumentExample', 
'argumentexample', 
30, 
600, 
'', 
false);
INSERT INTO "mendixsystem$attribute" ("id", 
"entity_id", 
"attribute_name", 
"column_name", 
"type", 
"length", 
"default_value", 
"is_auto_number")
 VALUES ('6fe7726d-b480-478a-b34c-8f91af266462', 
'1603491d-4710-40b4-8fe4-1b555f479563', 
'UseObjectArgument', 
'useobjectargument', 
10, 
0, 
'false', 
false);
INSERT INTO "mendixsystem$attribute" ("id", 
"entity_id", 
"attribute_name", 
"column_name", 
"type", 
"length", 
"default_value", 
"is_auto_number")
 VALUES ('b3c927a3-9a5d-3f5a-b898-b3b3525abd92', 
'1603491d-4710-40b4-8fe4-1b555f479563', 
'createdDate', 
'createddate', 
20, 
0, 
'', 
false);
INSERT INTO "mendixsystem$attribute" ("id", 
"entity_id", 
"attribute_name", 
"column_name", 
"type", 
"length", 
"default_value", 
"is_auto_number")
 VALUES ('8dd22f46-c1d8-3b91-b6ce-9e72c6e56891', 
'1603491d-4710-40b4-8fe4-1b555f479563', 
'changedDate', 
'changeddate', 
20, 
0, 
'', 
false);
INSERT INTO "mendixsystem$index" ("id", 
"table_id", 
"index_name")
 VALUES ('156a2a6b-6155-3432-9046-9d564294a417', 
'1603491d-4710-40b4-8fe4-1b555f479563', 
'idx_deeplink$deeplink_system$changedby');
INSERT INTO "mendixsystem$index_column" ("index_id", 
"column_id", 
"sort_order", 
"ordinal")
 VALUES ('156a2a6b-6155-3432-9046-9d564294a417', 
'da0c76f1-7c28-3d1a-9ed6-1ba25f95299b', 
false, 
0);
INSERT INTO "mendixsystem$index" ("id", 
"table_id", 
"index_name")
 VALUES ('a8ad0ae1-6be9-37ac-ae66-435d2ef631b7', 
'1603491d-4710-40b4-8fe4-1b555f479563', 
'idx_deeplink$deeplink_system$owner');
INSERT INTO "mendixsystem$index_column" ("index_id", 
"column_id", 
"sort_order", 
"ordinal")
 VALUES ('a8ad0ae1-6be9-37ac-ae66-435d2ef631b7', 
'8db0423f-77b5-3fd4-a688-8e905ea3fcb1', 
false, 
0);
INSERT INTO "mendixsystem$unique_constraint" ("name", 
"table_id", 
"column_id")
 VALUES ('uniq_deeplink$deeplink_name', 
'1603491d-4710-40b4-8fe4-1b555f479563', 
'e9e8a834-682c-4d45-965e-a6db63f600a5');
INSERT INTO "mendixsystem$association" ("id", 
"association_name", 
"table_name", 
"parent_entity_id", 
"child_entity_id", 
"parent_column_name", 
"child_column_name")
 VALUES ('da0c76f1-7c28-3d1a-9ed6-1ba25f95299b', 
'System.changedBy', 
'system$changedby', 
'1603491d-4710-40b4-8fe4-1b555f479563', 
'282e2e60-88a5-469d-84a5-ba8d9151644f', 
'id', 
'system$changedby');
INSERT INTO "mendixsystem$association" ("id", 
"association_name", 
"table_name", 
"parent_entity_id", 
"child_entity_id", 
"parent_column_name", 
"child_column_name")
 VALUES ('8db0423f-77b5-3fd4-a688-8e905ea3fcb1', 
'System.owner', 
'system$owner', 
'1603491d-4710-40b4-8fe4-1b555f479563', 
'282e2e60-88a5-469d-84a5-ba8d9151644f', 
'id', 
'system$owner');
CREATE TABLE "deeplink$deeplink_attribute" (
	"deeplink$deeplinkid" BIGINT NOT NULL,
	"deeplink$attributeid" BIGINT NOT NULL,
	PRIMARY KEY("deeplink$deeplinkid","deeplink$attributeid"),
	CONSTRAINT "uniq_deeplink$deeplink_attribute_deeplink$deeplinkid" UNIQUE ("deeplink$deeplinkid"));
CREATE INDEX "idx_deeplink$deeplink_attribute_deeplink$attribute_deeplink$deeplink" ON "deeplink$deeplink_attribute" ("deeplink$attributeid" ASC,"deeplink$deeplinkid" ASC);
INSERT INTO "mendixsystem$association" ("id", 
"association_name", 
"table_name", 
"parent_entity_id", 
"child_entity_id", 
"parent_column_name", 
"child_column_name", 
"index_name")
 VALUES ('51346963-9505-443b-915b-11b366e84669', 
'DeepLink.DeepLink_Attribute', 
'deeplink$deeplink_attribute', 
'1603491d-4710-40b4-8fe4-1b555f479563', 
'60839d86-7634-4143-b031-0e14d06c26ab', 
'deeplink$deeplinkid', 
'deeplink$attributeid', 
'idx_deeplink$deeplink_attribute_deeplink$attribute_deeplink$deeplink');
INSERT INTO "mendixsystem$unique_constraint" ("name", 
"table_id", 
"column_id")
 VALUES ('uniq_deeplink$deeplink_attribute_deeplink$deeplinkid', 
'51346963-9505-443b-915b-11b366e84669', 
'29ef0a1e-6216-3622-b07c-5a6f93978e40');
CREATE TABLE "deeplink$deeplink_entity" (
	"deeplink$deeplinkid" BIGINT NOT NULL,
	"deeplink$entityid" BIGINT NOT NULL,
	PRIMARY KEY("deeplink$deeplinkid","deeplink$entityid"),
	CONSTRAINT "uniq_deeplink$deeplink_entity_deeplink$deeplinkid" UNIQUE ("deeplink$deeplinkid"));
CREATE INDEX "idx_deeplink$deeplink_entity_deeplink$entity_deeplink$deeplink" ON "deeplink$deeplink_entity" ("deeplink$entityid" ASC,"deeplink$deeplinkid" ASC);
INSERT INTO "mendixsystem$association" ("id", 
"association_name", 
"table_name", 
"parent_entity_id", 
"child_entity_id", 
"parent_column_name", 
"child_column_name", 
"index_name")
 VALUES ('4ba4ca44-f5ca-4cca-a73e-8725039fa75d', 
'DeepLink.DeepLink_Entity', 
'deeplink$deeplink_entity', 
'1603491d-4710-40b4-8fe4-1b555f479563', 
'bdd13073-2801-4bea-9593-ff2deb3a06cc', 
'deeplink$deeplinkid', 
'deeplink$entityid', 
'idx_deeplink$deeplink_entity_deeplink$entity_deeplink$deeplink');
INSERT INTO "mendixsystem$unique_constraint" ("name", 
"table_id", 
"column_id")
 VALUES ('uniq_deeplink$deeplink_entity_deeplink$deeplinkid', 
'4ba4ca44-f5ca-4cca-a73e-8725039fa75d', 
'80b307cd-17e0-3a6c-b95b-c81dd8a1dce5');
CREATE TABLE "deeplink$deeplink_language" (
	"deeplink$deeplinkid" BIGINT NOT NULL,
	"system$languageid" BIGINT NOT NULL,
	PRIMARY KEY("deeplink$deeplinkid","system$languageid"),
	CONSTRAINT "uniq_deeplink$deeplink_language_deeplink$deeplinkid" UNIQUE ("deeplink$deeplinkid"));
CREATE INDEX "idx_deeplink$deeplink_language_system$language_deeplink$deeplink" ON "deeplink$deeplink_language" ("system$languageid" ASC,"deeplink$deeplinkid" ASC);
INSERT INTO "mendixsystem$association" ("id", 
"association_name", 
"table_name", 
"parent_entity_id", 
"child_entity_id", 
"parent_column_name", 
"child_column_name", 
"index_name")
 VALUES ('54ec3d15-f531-45e6-8fd8-2d2c3a266a7c', 
'DeepLink.DeepLink_Language', 
'deeplink$deeplink_language', 
'1603491d-4710-40b4-8fe4-1b555f479563', 
'76805df3-dede-435f-92a6-d6525c68a693', 
'deeplink$deeplinkid', 
'system$languageid', 
'idx_deeplink$deeplink_language_system$language_deeplink$deeplink');
INSERT INTO "mendixsystem$unique_constraint" ("name", 
"table_id", 
"column_id")
 VALUES ('uniq_deeplink$deeplink_language_deeplink$deeplinkid', 
'54ec3d15-f531-45e6-8fd8-2d2c3a266a7c', 
'1ce15610-be36-36d7-aa7a-88f57b66d51e');
CREATE TABLE "deeplink$deeplink_microflow" (
	"deeplink$deeplinkid" BIGINT NOT NULL,
	"deeplink$microflowid" BIGINT NOT NULL,
	PRIMARY KEY("deeplink$deeplinkid","deeplink$microflowid"),
	CONSTRAINT "uniq_deeplink$deeplink_microflow_deeplink$deeplinkid" UNIQUE ("deeplink$deeplinkid"));
CREATE INDEX "idx_deeplink$deeplink_microflow_deeplink$microflow_deeplink$deeplink" ON "deeplink$deeplink_microflow" ("deeplink$microflowid" ASC,"deeplink$deeplinkid" ASC);
INSERT INTO "mendixsystem$association" ("id", 
"association_name", 
"table_name", 
"parent_entity_id", 
"child_entity_id", 
"parent_column_name", 
"child_column_name", 
"index_name")
 VALUES ('cf904756-346a-478f-84d7-d6115c1d5892', 
'DeepLink.DeepLink_Microflow', 
'deeplink$deeplink_microflow', 
'1603491d-4710-40b4-8fe4-1b555f479563', 
'a47bc2b9-6366-4f29-8f2b-2137b5b34358', 
'deeplink$deeplinkid', 
'deeplink$microflowid', 
'idx_deeplink$deeplink_microflow_deeplink$microflow_deeplink$deeplink');
INSERT INTO "mendixsystem$unique_constraint" ("name", 
"table_id", 
"column_id")
 VALUES ('uniq_deeplink$deeplink_microflow_deeplink$deeplinkid', 
'cf904756-346a-478f-84d7-d6115c1d5892', 
'a37313bc-68d8-3beb-8755-65e923dce1f8');
CREATE TABLE "deeplink$attribute" (
	"id" BIGINT NOT NULL,
	"name" VARCHAR_IGNORECASE(200) NULL,
	"createddate" TIMESTAMP NULL,
	"changeddate" TIMESTAMP NULL,
	"system$owner" BIGINT NULL,
	"system$changedby" BIGINT NULL,
	PRIMARY KEY("id"));
CREATE INDEX "idx_deeplink$attribute_system$owner" ON "deeplink$attribute" ("system$owner" ASC,"id" ASC);
CREATE INDEX "idx_deeplink$attribute_system$changedby" ON "deeplink$attribute" ("system$changedby" ASC,"id" ASC);
INSERT INTO "mendixsystem$entity" ("id", 
"entity_name", 
"table_name", 
"remote", 
"remote_primary_key")
 VALUES ('60839d86-7634-4143-b031-0e14d06c26ab', 
'DeepLink.Attribute', 
'deeplink$attribute', 
false, 
false);
INSERT INTO "mendixsystem$attribute" ("id", 
"entity_id", 
"attribute_name", 
"column_name", 
"type", 
"length", 
"default_value", 
"is_auto_number")
 VALUES ('71cffc2e-38ea-497e-a7c4-304cd6527e0f', 
'60839d86-7634-4143-b031-0e14d06c26ab', 
'Name', 
'name', 
30, 
200, 
'', 
false);
INSERT INTO "mendixsystem$attribute" ("id", 
"entity_id", 
"attribute_name", 
"column_name", 
"type", 
"length", 
"default_value", 
"is_auto_number")
 VALUES ('1e95188f-7c82-3b3f-bda7-883be9997f29', 
'60839d86-7634-4143-b031-0e14d06c26ab', 
'createdDate', 
'createddate', 
20, 
0, 
'', 
false);
INSERT INTO "mendixsystem$attribute" ("id", 
"entity_id", 
"attribute_name", 
"column_name", 
"type", 
"length", 
"default_value", 
"is_auto_number")
 VALUES ('75d0bcf8-8f92-39f8-9b2e-d35775f4c8b9', 
'60839d86-7634-4143-b031-0e14d06c26ab', 
'changedDate', 
'changeddate', 
20, 
0, 
'', 
false);
INSERT INTO "mendixsystem$index" ("id", 
"table_id", 
"index_name")
 VALUES ('a25d9b50-61a4-3d41-bb8a-ec0416c42c03', 
'60839d86-7634-4143-b031-0e14d06c26ab', 
'idx_deeplink$attribute_system$owner');
INSERT INTO "mendixsystem$index_column" ("index_id", 
"column_id", 
"sort_order", 
"ordinal")
 VALUES ('a25d9b50-61a4-3d41-bb8a-ec0416c42c03', 
'd5cb62cc-70a2-335e-b10b-1c8b937db0e8', 
false, 
0);
INSERT INTO "mendixsystem$index" ("id", 
"table_id", 
"index_name")
 VALUES ('7985ff2d-9ea7-38e5-a0cf-a7f4b29c3514', 
'60839d86-7634-4143-b031-0e14d06c26ab', 
'idx_deeplink$attribute_system$changedby');
INSERT INTO "mendixsystem$index_column" ("index_id", 
"column_id", 
"sort_order", 
"ordinal")
 VALUES ('7985ff2d-9ea7-38e5-a0cf-a7f4b29c3514', 
'e84980d8-85a9-3203-85c0-e4b1d0b0569d', 
false, 
0);
INSERT INTO "mendixsystem$association" ("id", 
"association_name", 
"table_name", 
"parent_entity_id", 
"child_entity_id", 
"parent_column_name", 
"child_column_name")
 VALUES ('d5cb62cc-70a2-335e-b10b-1c8b937db0e8', 
'System.owner', 
'system$owner', 
'60839d86-7634-4143-b031-0e14d06c26ab', 
'282e2e60-88a5-469d-84a5-ba8d9151644f', 
'id', 
'system$owner');
INSERT INTO "mendixsystem$association" ("id", 
"association_name", 
"table_name", 
"parent_entity_id", 
"child_entity_id", 
"parent_column_name", 
"child_column_name")
 VALUES ('e84980d8-85a9-3203-85c0-e4b1d0b0569d', 
'System.changedBy', 
'system$changedby', 
'60839d86-7634-4143-b031-0e14d06c26ab', 
'282e2e60-88a5-469d-84a5-ba8d9151644f', 
'id', 
'system$changedby');
CREATE TABLE "deeplink$attribute_entity" (
	"deeplink$attributeid" BIGINT NOT NULL,
	"deeplink$entityid" BIGINT NOT NULL,
	PRIMARY KEY("deeplink$attributeid","deeplink$entityid"),
	CONSTRAINT "uniq_deeplink$attribute_entity_deeplink$attributeid" UNIQUE ("deeplink$attributeid"));
CREATE INDEX "idx_deeplink$attribute_entity_deeplink$entity_deeplink$attribute" ON "deeplink$attribute_entity" ("deeplink$entityid" ASC,"deeplink$attributeid" ASC);
INSERT INTO "mendixsystem$association" ("id", 
"association_name", 
"table_name", 
"parent_entity_id", 
"child_entity_id", 
"parent_column_name", 
"child_column_name", 
"index_name")
 VALUES ('d3c6627a-c1a1-4917-a1e4-53020c27a4f1', 
'DeepLink.Attribute_Entity', 
'deeplink$attribute_entity', 
'60839d86-7634-4143-b031-0e14d06c26ab', 
'bdd13073-2801-4bea-9593-ff2deb3a06cc', 
'deeplink$attributeid', 
'deeplink$entityid', 
'idx_deeplink$attribute_entity_deeplink$entity_deeplink$attribute');
INSERT INTO "mendixsystem$unique_constraint" ("name", 
"table_id", 
"column_id")
 VALUES ('uniq_deeplink$attribute_entity_deeplink$attributeid', 
'd3c6627a-c1a1-4917-a1e4-53020c27a4f1', 
'f78b90b5-82a1-375b-b4ae-1da2f55f8e62');
CREATE TABLE "deeplink$entity" (
	"id" BIGINT NOT NULL,
	"name" VARCHAR_IGNORECASE(200) NULL,
	"createddate" TIMESTAMP NULL,
	"changeddate" TIMESTAMP NULL,
	"system$changedby" BIGINT NULL,
	"system$owner" BIGINT NULL,
	PRIMARY KEY("id"));
CREATE INDEX "idx_deeplink$entity_system$changedby" ON "deeplink$entity" ("system$changedby" ASC,"id" ASC);
CREATE INDEX "idx_deeplink$entity_system$owner" ON "deeplink$entity" ("system$owner" ASC,"id" ASC);
INSERT INTO "mendixsystem$entity" ("id", 
"entity_name", 
"table_name", 
"remote", 
"remote_primary_key")
 VALUES ('bdd13073-2801-4bea-9593-ff2deb3a06cc', 
'DeepLink.Entity', 
'deeplink$entity', 
false, 
false);
INSERT INTO "mendixsystem$attribute" ("id", 
"entity_id", 
"attribute_name", 
"column_name", 
"type", 
"length", 
"default_value", 
"is_auto_number")
 VALUES ('91552a45-c7e6-41e3-b751-b435df26a676', 
'bdd13073-2801-4bea-9593-ff2deb3a06cc', 
'Name', 
'name', 
30, 
200, 
'', 
false);
INSERT INTO "mendixsystem$attribute" ("id", 
"entity_id", 
"attribute_name", 
"column_name", 
"type", 
"length", 
"default_value", 
"is_auto_number")
 VALUES ('f6b2b878-56ee-3cf3-bf85-4f7c2e9ff281', 
'bdd13073-2801-4bea-9593-ff2deb3a06cc', 
'createdDate', 
'createddate', 
20, 
0, 
'', 
false);
INSERT INTO "mendixsystem$attribute" ("id", 
"entity_id", 
"attribute_name", 
"column_name", 
"type", 
"length", 
"default_value", 
"is_auto_number")
 VALUES ('d8235a7e-39f8-3760-a206-9079433ed952', 
'bdd13073-2801-4bea-9593-ff2deb3a06cc', 
'changedDate', 
'changeddate', 
20, 
0, 
'', 
false);
INSERT INTO "mendixsystem$index" ("id", 
"table_id", 
"index_name")
 VALUES ('c76995eb-3357-3e1b-a942-dfc98ac48628', 
'bdd13073-2801-4bea-9593-ff2deb3a06cc', 
'idx_deeplink$entity_system$changedby');
INSERT INTO "mendixsystem$index_column" ("index_id", 
"column_id", 
"sort_order", 
"ordinal")
 VALUES ('c76995eb-3357-3e1b-a942-dfc98ac48628', 
'e99f2afc-a9a0-32ed-a347-0a786b858a47', 
false, 
0);
INSERT INTO "mendixsystem$index" ("id", 
"table_id", 
"index_name")
 VALUES ('4e2fcd17-02d7-3db0-94b5-9b86421345ee', 
'bdd13073-2801-4bea-9593-ff2deb3a06cc', 
'idx_deeplink$entity_system$owner');
INSERT INTO "mendixsystem$index_column" ("index_id", 
"column_id", 
"sort_order", 
"ordinal")
 VALUES ('4e2fcd17-02d7-3db0-94b5-9b86421345ee', 
'63258e70-a418-34c1-937e-7cdf0b0d83c4', 
false, 
0);
INSERT INTO "mendixsystem$association" ("id", 
"association_name", 
"table_name", 
"parent_entity_id", 
"child_entity_id", 
"parent_column_name", 
"child_column_name")
 VALUES ('e99f2afc-a9a0-32ed-a347-0a786b858a47', 
'System.changedBy', 
'system$changedby', 
'bdd13073-2801-4bea-9593-ff2deb3a06cc', 
'282e2e60-88a5-469d-84a5-ba8d9151644f', 
'id', 
'system$changedby');
INSERT INTO "mendixsystem$association" ("id", 
"association_name", 
"table_name", 
"parent_entity_id", 
"child_entity_id", 
"parent_column_name", 
"child_column_name")
 VALUES ('63258e70-a418-34c1-937e-7cdf0b0d83c4', 
'System.owner', 
'system$owner', 
'bdd13073-2801-4bea-9593-ff2deb3a06cc', 
'282e2e60-88a5-469d-84a5-ba8d9151644f', 
'id', 
'system$owner');
CREATE TABLE "deeplink$microflow" (
	"id" BIGINT NOT NULL,
	"name" VARCHAR_IGNORECASE(200) NULL,
	"friendlyname" VARCHAR_IGNORECASE(200) NULL,
	"usestringarg" BOOLEAN NULL,
	"useobjectargument" BOOLEAN NULL,
	"module" VARCHAR_IGNORECASE(200) NULL,
	"parameters" VARCHAR_IGNORECASE(2147483647) NULL,
	"nrofparameters" INT NULL,
	"createddate" TIMESTAMP NULL,
	"changeddate" TIMESTAMP NULL,
	"system$owner" BIGINT NULL,
	"system$changedby" BIGINT NULL,
	PRIMARY KEY("id"));
CREATE INDEX "idx_deeplink$microflow_system$owner" ON "deeplink$microflow" ("system$owner" ASC,"id" ASC);
CREATE INDEX "idx_deeplink$microflow_system$changedby" ON "deeplink$microflow" ("system$changedby" ASC,"id" ASC);
INSERT INTO "mendixsystem$entity" ("id", 
"entity_name", 
"table_name", 
"remote", 
"remote_primary_key")
 VALUES ('a47bc2b9-6366-4f29-8f2b-2137b5b34358', 
'DeepLink.Microflow', 
'deeplink$microflow', 
false, 
false);
INSERT INTO "mendixsystem$attribute" ("id", 
"entity_id", 
"attribute_name", 
"column_name", 
"type", 
"length", 
"default_value", 
"is_auto_number")
 VALUES ('543620c3-76db-413d-a9e2-44824106289e', 
'a47bc2b9-6366-4f29-8f2b-2137b5b34358', 
'Name', 
'name', 
30, 
200, 
'', 
false);
INSERT INTO "mendixsystem$attribute" ("id", 
"entity_id", 
"attribute_name", 
"column_name", 
"type", 
"length", 
"default_value", 
"is_auto_number")
 VALUES ('b359edf9-57f2-41c6-87b0-45314f749928', 
'a47bc2b9-6366-4f29-8f2b-2137b5b34358', 
'FriendlyName', 
'friendlyname', 
30, 
200, 
'', 
false);
INSERT INTO "mendixsystem$attribute" ("id", 
"entity_id", 
"attribute_name", 
"column_name", 
"type", 
"length", 
"default_value", 
"is_auto_number")
 VALUES ('d7cd4f9c-f39b-4305-a344-3ba3da50d82a', 
'a47bc2b9-6366-4f29-8f2b-2137b5b34358', 
'UseStringArg', 
'usestringarg', 
10, 
0, 
'false', 
false);
INSERT INTO "mendixsystem$attribute" ("id", 
"entity_id", 
"attribute_name", 
"column_name", 
"type", 
"length", 
"default_value", 
"is_auto_number")
 VALUES ('ca9afd3f-d5da-49bc-b8ba-5637a72eb919', 
'a47bc2b9-6366-4f29-8f2b-2137b5b34358', 
'UseObjectArgument', 
'useobjectargument', 
10, 
0, 
'false', 
false);
INSERT INTO "mendixsystem$attribute" ("id", 
"entity_id", 
"attribute_name", 
"column_name", 
"type", 
"length", 
"default_value", 
"is_auto_number")
 VALUES ('2ec45a52-4c18-4cf5-9a69-d60ced1897fa', 
'a47bc2b9-6366-4f29-8f2b-2137b5b34358', 
'Module', 
'module', 
30, 
200, 
'', 
false);
INSERT INTO "mendixsystem$attribute" ("id", 
"entity_id", 
"attribute_name", 
"column_name", 
"type", 
"length", 
"default_value", 
"is_auto_number")
 VALUES ('40467c59-9962-4357-8a5d-92fccac4d394', 
'a47bc2b9-6366-4f29-8f2b-2137b5b34358', 
'Parameters', 
'parameters', 
30, 
0, 
'', 
false);
INSERT INTO "mendixsystem$attribute" ("id", 
"entity_id", 
"attribute_name", 
"column_name", 
"type", 
"length", 
"default_value", 
"is_auto_number")
 VALUES ('fe6e696d-3f71-4ad3-8981-d82caacbeb38', 
'a47bc2b9-6366-4f29-8f2b-2137b5b34358', 
'NrOfParameters', 
'nrofparameters', 
3, 
0, 
'0', 
false);
INSERT INTO "mendixsystem$attribute" ("id", 
"entity_id", 
"attribute_name", 
"column_name", 
"type", 
"length", 
"default_value", 
"is_auto_number")
 VALUES ('6b3f246d-0f8c-33c6-bd47-5156a7fedc57', 
'a47bc2b9-6366-4f29-8f2b-2137b5b34358', 
'createdDate', 
'createddate', 
20, 
0, 
'', 
false);
INSERT INTO "mendixsystem$attribute" ("id", 
"entity_id", 
"attribute_name", 
"column_name", 
"type", 
"length", 
"default_value", 
"is_auto_number")
 VALUES ('e40c8413-52c7-333f-ab9e-1e7db17d6c45', 
'a47bc2b9-6366-4f29-8f2b-2137b5b34358', 
'changedDate', 
'changeddate', 
20, 
0, 
'', 
false);
INSERT INTO "mendixsystem$index" ("id", 
"table_id", 
"index_name")
 VALUES ('3c9487d6-0848-399b-a886-fb648104167f', 
'a47bc2b9-6366-4f29-8f2b-2137b5b34358', 
'idx_deeplink$microflow_system$owner');
INSERT INTO "mendixsystem$index_column" ("index_id", 
"column_id", 
"sort_order", 
"ordinal")
 VALUES ('3c9487d6-0848-399b-a886-fb648104167f', 
'0f7da490-ff4a-3f7a-a90e-e6d5214c3585', 
false, 
0);
INSERT INTO "mendixsystem$index" ("id", 
"table_id", 
"index_name")
 VALUES ('b430ec5a-793b-34ca-a6f5-e3e4f75a5b5a', 
'a47bc2b9-6366-4f29-8f2b-2137b5b34358', 
'idx_deeplink$microflow_system$changedby');
INSERT INTO "mendixsystem$index_column" ("index_id", 
"column_id", 
"sort_order", 
"ordinal")
 VALUES ('b430ec5a-793b-34ca-a6f5-e3e4f75a5b5a', 
'7b2bd6cf-009f-3131-9956-722ae87c0cd2', 
false, 
0);
INSERT INTO "mendixsystem$association" ("id", 
"association_name", 
"table_name", 
"parent_entity_id", 
"child_entity_id", 
"parent_column_name", 
"child_column_name")
 VALUES ('0f7da490-ff4a-3f7a-a90e-e6d5214c3585', 
'System.owner', 
'system$owner', 
'a47bc2b9-6366-4f29-8f2b-2137b5b34358', 
'282e2e60-88a5-469d-84a5-ba8d9151644f', 
'id', 
'system$owner');
INSERT INTO "mendixsystem$association" ("id", 
"association_name", 
"table_name", 
"parent_entity_id", 
"child_entity_id", 
"parent_column_name", 
"child_column_name")
 VALUES ('7b2bd6cf-009f-3131-9956-722ae87c0cd2', 
'System.changedBy', 
'system$changedby', 
'a47bc2b9-6366-4f29-8f2b-2137b5b34358', 
'282e2e60-88a5-469d-84a5-ba8d9151644f', 
'id', 
'system$changedby');
CREATE TABLE "deeplink$param" (
	"deeplink$microflowid" BIGINT NOT NULL,
	"deeplink$entityid" BIGINT NOT NULL,
	PRIMARY KEY("deeplink$microflowid","deeplink$entityid"),
	CONSTRAINT "uniq_deeplink$param_deeplink$microflowid" UNIQUE ("deeplink$microflowid"));
CREATE INDEX "idx_deeplink$param_deeplink$entity_deeplink$microflow" ON "deeplink$param" ("deeplink$entityid" ASC,"deeplink$microflowid" ASC);
INSERT INTO "mendixsystem$association" ("id", 
"association_name", 
"table_name", 
"parent_entity_id", 
"child_entity_id", 
"parent_column_name", 
"child_column_name", 
"index_name")
 VALUES ('dec11d16-bc4b-4a66-a3fa-0664afd581d6', 
'DeepLink.param', 
'deeplink$param', 
'a47bc2b9-6366-4f29-8f2b-2137b5b34358', 
'bdd13073-2801-4bea-9593-ff2deb3a06cc', 
'deeplink$microflowid', 
'deeplink$entityid', 
'idx_deeplink$param_deeplink$entity_deeplink$microflow');
INSERT INTO "mendixsystem$unique_constraint" ("name", 
"table_id", 
"column_id")
 VALUES ('uniq_deeplink$param_deeplink$microflowid', 
'dec11d16-bc4b-4a66-a3fa-0664afd581d6', 
'fba681a9-e780-34e8-9988-50a27dc3a1ef');
UPDATE "mendixsystem$version"
 SET "versionnumber" = '4.2', 
"lastsyncdate" = '20220822 17:21:29';
